Country,1949,1950,1951,1952,1953,1954,1955,1956,1957,1958,1959,1960,1961,1962,1963,1964,1965,1966,1967,1968,1969,1970,1971,1972,1973,1974,1975,1976,1977,1978,1979,1980,1981,1982,1983,1984,1985,1986,1987,1988,1989,1990,1991,1992,1993,1994,1995,1996,1997,1998,1999,2000,2001,2002,2003,2004,2005,2006,2007,2008,2009,2010,2011,2012,2013,2014,2015,2016,2017,2018,2019,2020,2021,2022
Algeria,n/a,n/a,n/a,n/a,n/a,n/a,n/a,n/a,n/a,n/a,n/a,n/a,n/a,n/a,0.0251,0.0350,0.0342,0.0351,0.0302,0.0261,0.0239,0.0213,0.0209,0.0180,0.0169,0.0196,0.0213,0.0270,0.0224,0.0238,0.0214,0.0210,0.0182,0.0206,0.0195,0.0176,0.0164,0.0179,0.0186,0.0175,0.0154,0.0146,0.0121,0.0214,0.0251,0.0315,0.0294,0.0309,0.0364,0.0397,0.0376,0.0343,0.0382,0.0370,0.0325,0.0328,0.0283,0.0264,0.0292,0.0302,0.0385,0.0352,0.0433,0.0446,0.0484,0.0555,0.0627,0.0638,0.0592,0.0548,0.0600,0.0669,0.0559,0.0478
Afghanistan,n/a,n/a,n/a,n/a,n/a,n/a,n/a,n/a,n/a,n/a,n/a,n/a,n/a,n/a,n/a,n/a,n/a,n/a,n/a,n/a,n/a,0.0163,n/a,n/a,0.0187,0.0161,0.0172,0.0205,0.0201,n/a,n/a,n/a,n/a,n/a,n/a,n/a,n/a,n/a,n/a,n/a,n/a,n/a,n/a,n/a,n/a,n/a,n/a,n/a,n/a,n/a,n/a,n/a,n/a,n/a,n/a,0.0243,0.0199,0.0190,0.0257,0.0234,0.0209,0.0195,0.0182,0.0118,0.0108,0.0130,0.0099,0.0096,0.0095,0.0101,0.0117,0.0136,0.0183,n/a
Albania,n/a,n/a,n/a,n/a,n/a,n/a,n/a,n/a,n/a,n/a,n/a,n/a,n/a,n/a,n/a,n/a,n/a,n/a,n/a,n/a,n/a,n/a,n/a,n/a,n/a,n/a,n/a,n/a,n/a,n/a,n/a,0.0605,0.0585,0.0565,0.0544,0.0612,0.0565,0.0563,0.0586,0.0562,0.0517,0.0589,0.0579,0.0467,0.0320,0.0255,0.0205,0.0138,0.0128,0.0124,0.0125,0.0125,0.0131,0.0132,0.0134,0.0138,0.0135,0.0157,0.0182,0.0198,0.0152,0.0156,0.0153,0.0149,0.0141,0.0135,0.0116,0.0110,0.0111,0.0116,0.0128,0.0130,0.0122,0.0158
Angola,n/a,n/a,n/a,n/a,n/a,n/a,n/a,n/a,n/a,n/a,n/a,n/a,n/a,n/a,n/a,n/a,n/a,n/a,n/a,n/a,n/a,n/a,n/a,n/a,n/a,n/a,n/a,n/a,n/a,n/a,n/a,n/a,n/a,n/a,n/a,n/a,0.0000,0.0000,0.2225,0.2198,0.1943,0.1746,0.0710,0.0568,0.1752,0.0571,0.0471,0.0245,0.0597,0.0264,0.1733,0.0639,0.0452,0.0287,0.0376,0.0347,0.0369,0.0376,0.0311,0.0357,0.0471,0.0418,0.0326,0.0324,0.0446,0.0470,0.0311,0.0273,0.0251,0.0196,0.0174,0.0170,0.0129,0.0133
Argentina,n/a,0.0291,n/a,n/a,n/a,n/a,n/a,n/a,n/a,n/a,0.0081,0.0155,0.0214,0.0266,0.0168,0.0115,0.0107,0.0117,0.0140,0.0169,0.0194,0.0188,0.0181,0.0182,0.0185,0.0166,0.0204,0.0378,0.0401,0.0472,0.0467,0.0310,0.0347,0.0270,0.0274,0.0216,0.0230,0.0231,0.0228,0.0212,0.0188,0.0145,0.0151,0.0142,0.0142,0.0146,0.0147,0.0124,0.0114,0.0114,0.0122,0.0115,0.0118,0.0109,0.0106,0.0088,0.0085,0.0079,0.0079,0.0076,0.0089,0.0081,0.0076,0.0078,0.0084,0.0088,0.0085,0.0081,0.0086,0.0073,0.0070,0.0073,0.0063,0.0041
Armenia,n/a,n/a,n/a,n/a,n/a,n/a,n/a,n/a,n/a,n/a,n/a,n/a,n/a,n/a,n/a,n/a,n/a,n/a,n/a,n/a,n/a,n/a,n/a,n/a,n/a,n/a,n/a,n/a,n/a,n/a,n/a,n/a,n/a,n/a,n/a,n/a,n/a,n/a,n/a,n/a,n/a,n/a,n/a,0.0220,0.0230,n/a,0.0406,0.0328,0.0391,0.0353,0.0370,0.0356,0.0313,0.0270,0.0273,0.0274,0.0287,0.0295,0.0304,0.0340,0.0416,0.0427,0.0385,0.0358,0.0400,0.0394,0.0424,0.0409,0.0385,0.0412,0.0479,0.0498,0.0447,0.0432
Australia,n/a,0.0288,0.0374,0.0518,0.0480,0.0397,0.0386,0.0367,0.0332,0.0325,0.0310,0.0237,0.0242,0.0236,0.0245,0.0265,0.0295,0.0345,0.0379,0.0384,0.0339,0.0297,0.0276,0.0269,0.0238,0.0226,0.0227,0.0222,0.0225,0.0222,0.0219,0.0225,0.0230,0.0239,0.0252,0.0251,0.0252,0.0254,0.0237,0.0216,0.0205,0.0208,0.0217,0.0217,0.0218,0.0212,0.0202,0.0193,0.0187,0.0187,0.0189,0.0183,0.0187,0.0187,0.0185,0.0183,0.0180,0.0182,0.0181,0.0180,0.0192,0.0185,0.0176,0.0167,0.0164,0.0177,0.0195,0.0209,0.0200,0.0190,0.0188,0.0201,0.0199,0.0190
Austria,n/a,n/a,n/a,n/a,n/a,n/a,n/a,n/a,0.0163,0.0181,0.0170,0.0146,0.0131,0.0135,0.0158,0.0189,0.0151,0.0162,0.0161,0.0154,0.0150,0.0138,0.0125,0.0120,0.0118,0.0128,0.0145,0.0137,0.0135,0.0143,0.0143,0.0142,0.0138,0.0141,0.0139,0.0141,0.0151,0.0151,0.0142,0.0130,0.0123,0.0120,0.0115,0.0110,0.0112,0.0109,0.0107,0.0105,0.0105,0.0102,0.0098,0.0098,0.0091,0.0088,0.0091,0.0089,0.0085,0.0079,0.0090,0.0087,0.0083,0.0082,0.0079,0.0078,0.0075,0.0075,0.0070,0.0073,0.0076,0.0075,0.0075,0.0088,0.0087,0.0077
Azerbaijan,n/a,n/a,n/a,n/a,n/a,n/a,n/a,n/a,n/a,n/a,n/a,n/a,n/a,n/a,n/a,n/a,n/a,n/a,n/a,n/a,n/a,n/a,n/a,n/a,n/a,n/a,n/a,n/a,n/a,n/a,n/a,n/a,n/a,n/a,n/a,n/a,n/a,n/a,n/a,n/a,n/a,n/a,n/a,0.0240,0.0500,0.0195,0.0274,0.0225,0.0232,0.0241,0.0263,0.0227,0.0231,0.0224,0.0243,0.0263,0.0230,0.0342,0.0286,0.0329,0.0333,0.0279,0.0467,0.0466,0.0454,0.0456,0.0546,0.0369,0.0376,0.0356,0.0387,0.0539,0.0527,0.0455
Bahrain,n/a,n/a,n/a,n/a,n/a,n/a,n/a,n/a,n/a,n/a,n/a,n/a,n/a,n/a,n/a,n/a,n/a,n/a,n/a,n/a,n/a,n/a,n/a,n/a,n/a,n/a,0.0153,0.0175,0.0208,0.0496,0.0589,0.0570,0.0690,0.0854,0.0479,0.0418,0.0459,0.0584,0.0525,0.0560,0.0564,0.0528,0.0570,0.0588,0.0537,0.0511,0.0518,0.0527,0.0507,0.0533,0.0550,0.0396,0.0415,0.0461,0.0466,0.0404,0.0321,0.0310,0.0296,0.0280,0.0361,0.0328,0.0359,0.0384,0.0414,0.0442,0.0464,0.0467,0.0432,0.0404,0.0403,0.0405,0.0355,0.0317
Bangladesh,n/a,n/a,n/a,n/a,n/a,n/a,n/a,n/a,n/a,n/a,n/a,n/a,n/a,n/a,n/a,n/a,n/a,n/a,n/a,n/a,n/a,n/a,n/a,n/a,0.0066,0.0060,0.0084,0.0152,0.0157,0.0127,0.0093,0.0086,0.0092,0.0106,0.0127,0.0118,0.0105,0.0111,0.0117,0.0125,0.0129,0.0122,0.0121,0.0136,0.0143,0.0153,0.0157,0.0154,0.0157,0.0157,0.0158,0.0136,0.0129,0.0105,0.0100,0.0100,0.0097,0.0099,0.0100,0.0094,0.0103,0.0118,0.0122,0.0118,0.0111,0.0114,0.0121,0.0123,0.0113,0.0115,0.0124,0.0124,0.0120,0.0113
Belarus,n/a,n/a,n/a,n/a,n/a,n/a,n/a,n/a,n/a,n/a,n/a,n/a,n/a,n/a,n/a,n/a,n/a,n/a,n/a,n/a,n/a,n/a,n/a,n/a,n/a,n/a,n/a,n/a,n/a,n/a,n/a,n/a,n/a,n/a,n/a,n/a,n/a,n/a,n/a,n/a,n/a,n/a,n/a,0.0162,0.0279,0.0362,0.0170,0.0126,0.0177,0.0150,0.0137,0.0135,0.0144,0.0140,0.0130,0.0136,0.0150,0.0171,0.0165,0.0145,0.0137,0.0134,0.0122,0.0123,0.0127,0.0127,0.0126,0.0125,0.0115,0.0118,0.0120,0.0115,0.0112,0.0120
Belgium,n/a,n/a,n/a,n/a,0.0486,0.0488,0.0378,0.0356,0.0361,0.0357,0.0352,0.0340,0.0326,0.0328,0.0322,0.0321,0.0297,0.0311,0.0313,0.0312,0.0293,0.0292,0.0290,0.0288,0.0284,0.0276,0.0307,0.0309,0.0314,0.0326,0.0326,0.0325,0.0337,0.0327,0.0319,0.0301,0.0293,0.0295,0.0290,0.0263,0.0246,0.0236,0.0229,0.0183,0.0174,0.0168,0.0157,0.0154,0.0148,0.0146,0.0139,0.0134,0.0128,0.0122,0.0121,0.0115,0.0110,0.0106,0.0110,0.0122,0.0117,0.0109,0.0105,0.0104,0.0101,0.0097,0.0091,0.0089,0.0088,0.0089,0.0089,0.0101,0.0105,0.0118
Belize,n/a,n/a,n/a,n/a,n/a,n/a,n/a,n/a,n/a,n/a,n/a,n/a,n/a,n/a,n/a,n/a,n/a,n/a,n/a,n/a,n/a,n/a,n/a,n/a,n/a,n/a,n/a,n/a,n/a,n/a,n/a,n/a,0.0116,0.0144,0.0153,0.0154,0.0156,n/a,n/a,n/a,0.0120,0.0087,0.0079,0.0076,0.0082,0.0102,0.0098,0.0094,0.0108,n/a,n/a,0.0064,0.0064,0.0064,0.0066,0.0068,0.0073,0.0078,0.0081,0.0108,0.0103,0.0088,0.0085,0.0080,0.0088,0.0093,0.0089,0.0096,0.0101,0.0101,0.0101,0.0125,0.0101,0.0086
Benin,n/a,n/a,n/a,n/a,n/a,n/a,n/a,n/a,n/a,n/a,n/a,0.0087,0.0140,0.0175,0.0174,0.0218,0.0211,0.0190,0.0198,0.0207,0.0189,0.0163,0.0160,0.0149,0.0168,0.0144,0.0149,0.0128,0.0168,0.0119,0.0193,0.0203,0.0155,0.0105,0.0119,0.0146,0.0130,0.0136,0.0157,0.0156,0.0131,0.0123,n/a,n/a,n/a,n/a,n/a,n/a,n/a,n/a,0.0049,0.0041,0.0036,0.0062,0.0065,0.0068,0.0068,0.0067,n/a,0.0066,n/a,n/a,n/a,0.0070,0.0069,0.0070,0.0080,0.0067,0.0092,0.0063,0.0047,0.0046,0.0055,0.0056
Bolivia,n/a,n/a,n/a,n/a,0.0053,n/a,0.0032,0.0036,0.0082,n/a,n/a,n/a,0.0120,0.0116,0.0133,n/a,n/a,n/a,n/a,0.0135,0.0132,0.0161,0.0139,0.0160,0.0162,0.0184,0.0237,0.0237,0.0225,0.0260,0.0271,0.0317,0.0390,0.0198,0.0150,0.0217,0.0201,0.0235,0.0238,0.0202,0.0216,0.0282,0.0269,0.0251,0.0192,0.0225,0.0210,0.0199,0.0227,0.0269,0.0213,0.0206,0.0232,0.0199,0.0215,0.0190,0.0172,0.0147,0.0149,0.0196,0.0176,0.0171,0.0168,0.0185,0.0184,0.0190,0.0176,0.0153,0.0154,0.0150,0.0145,0.0139,0.0141,0.0148
Bosnia and Herzegovina,n/a,n/a,n/a,n/a,n/a,n/a,n/a,n/a,n/a,n/a,n/a,n/a,n/a,n/a,n/a,n/a,n/a,n/a,n/a,n/a,n/a,n/a,n/a,n/a,n/a,n/a,n/a,n/a,n/a,n/a,n/a,n/a,n/a,n/a,n/a,n/a,n/a,n/a,n/a,n/a,n/a,n/a,n/a,n/a,n/a,n/a,n/a,n/a,n/a,n/a,n/a,n/a,n/a,0.0390,0.0242,0.0189,0.0154,0.0139,0.0124,0.0122,0.0138,0.0128,0.0114,0.0115,0.0109,0.0103,0.0100,0.0093,0.0086,0.0085,0.0082,0.0084,0.0093,0.0081
Botswana,n/a,n/a,n/a,n/a,n/a,n/a,n/a,n/a,n/a,n/a,n/a,n/a,n/a,n/a,n/a,n/a,n/a,n/a,n/a,n/a,n/a,n/a,n/a,n/a,n/a,n/a,n/a,n/a,0.0136,0.0287,0.0350,0.0321,0.0298,0.0269,0.0233,0.0244,0.0218,0.0266,0.0479,0.0490,0.0357,0.0445,0.0460,0.0448,0.0493,0.0401,0.0351,0.0290,0.0320,0.0378,0.0309,0.0319,0.0383,0.0411,0.0401,0.0351,0.0286,0.0275,0.0290,0.0310,0.0326,0.0276,0.0240,0.0234,0.0215,0.0221,0.0283,0.0341,0.0325,0.0292,0.0308,0.0333,0.0305,0.0274
Brazil,n/a,n/a,n/a,n/a,0.0360,n/a,n/a,n/a,0.0440,0.0407,0.0296,0.0268,0.0236,0.0240,0.0226,0.0201,0.0335,0.0302,0.0286,0.0265,0.0262,0.0289,0.0262,0.0244,0.0215,0.0194,0.0197,0.0200,0.0169,0.0160,0.0152,0.0114,0.0114,0.0130,0.0125,0.0120,0.0143,0.0122,0.0174,0.0212,0.0269,0.0236,0.0196,0.0152,0.0193,0.0202,0.0186,0.0165,0.0158,0.0166,0.0165,0.0173,0.0195,0.0190,0.0150,0.0146,0.0152,0.0148,0.0147,0.0144,0.0154,0.0154,0.0141,0.0138,0.0133,0.0133,0.0137,0.0135,0.0141,0.0147,0.0138,0.0133,0.0116,0.0105
Brunei,n/a,n/a,n/a,n/a,n/a,n/a,n/a,n/a,n/a,n/a,n/a,n/a,n/a,n/a,n/a,n/a,n/a,n/a,n/a,n/a,n/a,n/a,n/a,n/a,n/a,n/a,n/a,n/a,n/a,n/a,n/a,n/a,n/a,n/a,n/a,0.0257,0.0289,0.0467,0.0379,0.0663,0.0621,0.0644,0.0640,0.0625,0.0574,0.0598,0.0548,0.0625,0.0718,0.0753,0.0613,0.0407,0.0389,0.0387,0.0371,0.0253,0.0235,0.0230,0.0238,0.0226,0.0294,0.0285,0.0224,0.0216,0.0228,0.0309,0.0328,0.0354,0.0287,0.0264,0.0308,0.0363,0.0324,0.0237
Bulgaria,n/a,n/a,n/a,n/a,n/a,n/a,n/a,n/a,n/a,n/a,n/a,n/a,n/a,n/a,n/a,n/a,n/a,n/a,n/a,n/a,n/a,n/a,n/a,n/a,n/a,n/a,n/a,n/a,n/a,n/a,n/a,n/a,n/a,n/a,n/a,n/a,n/a,n/a,n/a,n/a,0.0440,0.0383,0.0304,0.0297,0.0261,0.0249,0.0237,0.0240,0.0243,0.0245,0.0265,0.0265,0.0286,0.0278,0.0269,0.0237,0.0224,0.0208,0.0223,0.0213,0.0174,0.0164,0.0131,0.0133,0.0145,0.0131,0.0125,0.0124,0.0122,0.0145,0.0313,0.0159,0.0152,0.0151
Burkina Faso,n/a,n/a,n/a,n/a,n/a,n/a,n/a,n/a,n/a,n/a,n/a,0.0068,0.0083,0.0235,0.0238,0.0261,0.0152,0.0165,0.0133,0.0118,0.0125,0.0117,0.0118,0.0114,0.0124,0.0115,0.0281,0.0312,0.0304,0.0328,0.0270,0.0275,0.0284,0.0300,0.0293,0.0302,0.0184,0.0262,0.0225,0.0231,0.0274,0.0270,0.0217,0.0205,0.0186,0.0142,0.0138,0.0129,0.0142,0.0128,0.0139,0.0124,0.0116,0.0118,0.0107,0.0121,0.0120,0.0111,0.0142,0.0124,0.0135,0.0122,0.0115,0.0118,0.0124,0.0127,0.0125,0.0117,0.0136,0.0191,0.0224,0.0220,0.0240,0.0309
Burundi,n/a,n/a,n/a,n/a,n/a,n/a,n/a,n/a,n/a,n/a,n/a,n/a,n/a,0.0394,0.0043,0.0045,0.0135,0.0138,0.0133,0.0141,0.0175,n/a,0.0103,0.0146,0.0195,0.0223,0.0206,0.0222,0.0253,0.0280,0.0264,0.0292,0.0303,0.0351,0.0310,0.0298,0.0275,0.0281,0.0265,0.0315,0.0335,0.0345,0.0379,0.0360,0.0372,0.0392,0.0421,0.0586,0.0636,0.0657,0.0626,0.0486,0.0607,0.0544,0.0553,0.0490,0.0444,0.0351,0.0341,0.0272,n/a,n/a,n/a,0.0253,0.0248,0.0230,0.0213,0.0224,0.0200,0.0215,0.0281,0.0219,0.0204,0.0276
Cambodia,n/a,n/a,n/a,n/a,n/a,n/a,n/a,n/a,n/a,n/a,n/a,n/a,n/a,n/a,n/a,n/a,n/a,n/a,n/a,n/a,n/a,n/a,n/a,n/a,n/a,n/a,n/a,n/a,n/a,n/a,n/a,n/a,n/a,n/a,n/a,n/a,n/a,0.0115,0.0157,0.0128,0.0199,0.0207,0.0233,0.0315,0.0176,0.0384,0.0358,0.0324,0.0300,0.0266,0.0251,0.0221,0.0177,0.0152,0.0145,0.0130,0.0113,0.0104,0.0091,0.0080,0.0131,0.0149,0.0150,0.0155,0.0158,0.0166,0.0180,0.0191,0.0207,0.0221,0.0220,0.0245,0.0235,0.0210
Cameroon,n/a,n/a,n/a,n/a,n/a,n/a,n/a,n/a,n/a,n/a,n/a,n/a,n/a,n/a,n/a,n/a,n/a,n/a,n/a,n/a,n/a,0.0187,0.0184,0.0176,0.0176,0.0169,0.0173,0.0176,0.0172,0.0167,0.0166,0.0156,0.0182,0.0199,0.0189,0.0174,0.0134,0.0122,0.0125,0.0128,0.0133,0.0147,0.0151,0.0153,0.0133,0.0131,0.0125,0.0122,0.0130,0.0140,0.0144,0.0132,0.0129,0.0134,0.0138,0.0140,0.0114,0.0123,0.0124,0.0126,0.0123,0.0129,0.0114,0.0118,0.0117,0.0110,0.0110,0.0115,0.0114,0.0108,0.0106,0.0096,0.0098,0.0095
Canada,n/a,0.0243,0.0466,0.0680,0.0737,0.0686,0.0618,0.0569,0.0535,0.0494,0.0440,0.0419,0.0413,0.0400,0.0362,0.0340,0.0293,0.0268,0.0275,0.0254,0.0227,0.0219,0.0213,0.0201,0.0183,0.0178,0.0186,0.0177,0.0181,0.0185,0.0171,0.0176,0.0171,0.0195,0.0208,0.0212,0.0210,0.0211,0.0206,0.0199,0.0193,0.0196,0.0190,0.0186,0.0182,0.0170,0.0155,0.0140,0.0125,0.0126,0.0124,0.0111,0.0113,0.0112,0.0111,0.0110,0.0111,0.0112,0.0119,0.0125,0.0138,0.0119,0.0119,0.0112,0.0100,0.0099,0.0115,0.0116,0.0135,0.0132,0.0128,0.0140,0.0127,0.0124
Cape Verde,n/a,n/a,n/a,n/a,n/a,n/a,n/a,n/a,n/a,n/a,n/a,n/a,n/a,n/a,n/a,n/a,n/a,n/a,n/a,n/a,n/a,n/a,n/a,n/a,n/a,n/a,n/a,n/a,n/a,n/a,n/a,n/a,n/a,n/a,n/a,0.0279,0.0246,0.0234,0.0210,0.0191,n/a,n/a,n/a,0.0099,0.0076,0.0084,0.0127,0.0084,0.0083,0.0086,0.0084,0.0115,0.0075,0.0067,0.0065,0.0063,0.0065,0.0056,0.0052,0.0060,0.0049,0.0050,0.0052,0.0056,0.0053,0.0054,0.0056,0.0061,0.0053,0.0054,0.0049,0.0066,0.0058,0.0055
Central African Republic,n/a,n/a,n/a,n/a,n/a,n/a,n/a,n/a,n/a,n/a,n/a,n/a,n/a,n/a,n/a,n/a,n/a,n/a,n/a,n/a,n/a,n/a,n/a,n/a,n/a,n/a,n/a,n/a,n/a,n/a,n/a,n/a,n/a,n/a,n/a,n/a,n/a,n/a,n/a,n/a,n/a,n/a,0.0157,0.0164,0.0150,0.0126,0.0117,0.0121,n/a,n/a,n/a,n/a,n/a,0.0109,0.0126,0.0115,0.0109,n/a,0.0109,0.0155,0.0175,0.0241,0.0205,0.0170,0.0283,0.0203,0.0158,0.0147,0.0134,0.0134,0.0179,0.0186,0.0215,0.0170
Chad,n/a,n/a,n/a,n/a,n/a,n/a,n/a,n/a,n/a,n/a,n/a,n/a,n/a,n/a,n/a,n/a,n/a,n/a,n/a,n/a,n/a,n/a,n/a,n/a,n/a,n/a,n/a,n/a,n/a,n/a,n/a,n/a,n/a,n/a,0.0473,0.0436,0.0366,0.0457,0.0295,0.0525,0.0394,0.0198,n/a,0.0188,0.0268,0.0188,0.0139,0.0154,0.0108,0.0092,0.0137,0.0136,0.0135,0.0152,0.0132,0.0101,0.0083,0.0300,0.0449,0.0589,0.0796,0.0576,0.0501,n/a,0.0559,0.0281,0.0202,0.0304,0.0220,0.0230,0.0214,0.0301,0.0281,0.0293
Chile,n/a,0.0264,0.0307,0.0257,0.0278,0.0169,0.0230,0.0230,0.0305,0.0270,0.0215,0.0312,0.0353,0.0304,0.0287,0.0264,0.0289,0.0274,0.0271,0.0253,0.0226,0.0445,0.0626,0.0663,0.0628,0.0711,0.0674,0.0609,0.0692,0.0673,0.0633,0.0648,0.0702,0.0888,0.0758,0.0761,0.0690,0.0629,0.0564,0.0414,0.0359,0.0340,0.0285,0.0263,0.0271,0.0260,0.0256,0.0245,0.0250,0.0259,0.0271,0.0269,0.0265,0.0253,0.0270,0.0271,0.0253,0.0251,0.0233,0.0258,0.0228,0.0225,0.0226,0.0205,0.0199,0.0197,0.0191,0.0192,0.0194,0.0188,0.0186,0.0209,0.0193,0.0183
China,n/a,n/a,n/a,n/a,n/a,n/a,n/a,n/a,n/a,n/a,n/a,n/a,n/a,n/a,n/a,n/a,n/a,n/a,n/a,n/a,n/a,n/a,n/a,n/a,n/a,n/a,n/a,n/a,n/a,n/a,n/a,n/a,n/a,n/a,n/a,n/a,n/a,n/a,n/a,n/a,0.0245,0.0245,0.0231,0.0245,0.0193,0.0169,0.0169,0.0165,0.0163,0.0166,0.0187,0.0184,0.0198,0.0206,0.0200,0.0194,0.0187,0.0187,0.0175,0.0172,0.0189,0.0173,0.0166,0.0170,0.0171,0.0174,0.0178,0.0177,0.0171,0.0167,0.0168,0.0176,0.0161,0.0160
Colombia,n/a,n/a,n/a,n/a,n/a,n/a,n/a,n/a,n/a,0.0235,0.0183,0.0188,0.0214,0.0310,0.0352,0.0318,0.0319,0.0317,0.0312,0.0239,0.0205,0.0226,0.0337,0.0197,0.0169,0.0158,0.0174,0.0149,0.0144,0.0155,0.0167,0.0183,0.0176,0.0171,0.0222,0.0233,0.0205,0.0194,0.0198,0.0220,0.0219,0.0186,0.0185,0.0211,0.0253,0.0251,0.0283,0.0445,0.0280,0.0344,0.0376,0.0303,0.0332,0.0342,0.0346,0.0347,0.0337,0.0330,0.0329,0.0374,0.0389,0.0364,0.0308,0.0316,0.0327,0.0311,0.0311,0.0307,0.0321,0.0303,0.0315,0.0353,0.0324,0.0308
"Congo, DR",n/a,n/a,n/a,n/a,n/a,n/a,n/a,n/a,n/a,n/a,n/a,n/a,n/a,n/a,n/a,0.0000,n/a,0.0000,n/a,0.0000,0.0000,0.0000,0.0000,0.0000,0.0000,0.0000,0.0000,0.0000,0.0000,0.0000,0.0000,n/a,n/a,n/a,n/a,n/a,n/a,n/a,n/a,n/a,n/a,n/a,n/a,n/a,0.0523,n/a,n/a,0.0155,0.0141,0.0043,0.0116,0.0022,n/a,n/a,0.0088,0.0134,0.0138,0.0142,0.0123,0.0081,0.0066,0.0085,0.0092,0.0113,0.0115,0.0095,0.0130,0.0107,0.0077,0.0062,0.0070,0.0074,0.0054,0.0058
"Congo, Republic",n/a,n/a,n/a,n/a,n/a,n/a,n/a,n/a,n/a,n/a,n/a,n/a,n/a,n/a,n/a,n/a,n/a,n/a,n/a,n/a,n/a,0.0486,0.0460,0.0353,0.0422,0.0424,0.0450,0.0473,0.0495,0.0432,0.0439,0.0337,0.0319,0.0335,n/a,0.0225,0.0258,n/a,0.0437,n/a,n/a,n/a,n/a,0.0383,0.0364,n/a,n/a,n/a,n/a,n/a,n/a,n/a,0.0179,0.0212,0.0243,0.0244,0.0152,0.0157,0.0192,0.0179,n/a,0.0166,n/a,n/a,0.0204,0.0394,n/a,0.0494,0.0338,0.0214,0.0235,0.0289,0.0248,0.0185
Costa Rica,n/a,n/a,n/a,n/a,n/a,n/a,n/a,n/a,n/a,n/a,n/a,n/a,n/a,n/a,n/a,n/a,n/a,n/a,n/a,n/a,n/a,n/a,n/a,n/a,n/a,n/a,n/a,n/a,n/a,n/a,n/a,n/a,n/a,n/a,n/a,n/a,n/a,n/a,n/a,n/a,n/a,n/a,n/a,n/a,n/a,n/a,n/a,n/a,n/a,n/a,n/a,n/a,n/a,n/a,n/a,n/a,n/a,n/a,n/a,n/a,n/a,n/a,n/a,n/a,n/a,n/a,n/a,n/a,n/a,n/a,n/a,n/a,n/a,n/a
Cote d'Ivoire,n/a,n/a,n/a,n/a,n/a,n/a,n/a,n/a,n/a,n/a,n/a,n/a,n/a,0.0128,0.0100,0.0114,0.0132,0.0126,0.0131,0.0116,0.0115,0.0118,0.0150,0.0170,0.0113,0.0134,0.0118,0.0112,0.0079,0.0110,0.0112,0.0116,0.0109,0.0114,0.0112,0.0103,0.0100,0.0105,0.0122,0.0125,0.0133,0.0096,0.0099,0.0102,0.0097,0.0073,n/a,0.0061,0.0058,n/a,n/a,n/a,n/a,n/a,0.0101,0.0110,0.0106,0.0109,0.0115,0.0110,0.0125,0.0113,0.0101,0.0110,0.0100,0.0107,0.0124,0.0126,0.0098,0.0105,0.0092,0.0099,0.0091,0.0089
Croatia,n/a,n/a,n/a,n/a,n/a,n/a,n/a,n/a,n/a,n/a,n/a,n/a,n/a,n/a,n/a,n/a,n/a,n/a,n/a,n/a,n/a,n/a,n/a,n/a,n/a,n/a,n/a,n/a,n/a,n/a,n/a,n/a,n/a,n/a,n/a,n/a,n/a,n/a,n/a,n/a,n/a,n/a,n/a,0.0761,0.1073,0.1115,0.0918,0.0816,0.0752,0.0560,0.0442,0.0302,0.0270,0.0271,0.0203,0.0174,0.0175,0.0167,0.0162,0.0183,0.0179,0.0168,0.0175,0.0167,0.0163,0.0182,0.0176,0.0160,0.0164,0.0155,0.0161,0.0171,0.0201,0.0217
Cuba,n/a,n/a,n/a,n/a,n/a,n/a,n/a,n/a,n/a,n/a,n/a,n/a,n/a,n/a,n/a,n/a,n/a,n/a,n/a,n/a,n/a,n/a,n/a,n/a,n/a,n/a,n/a,n/a,n/a,n/a,n/a,n/a,n/a,n/a,n/a,n/a,n/a,n/a,n/a,n/a,n/a,n/a,n/a,n/a,n/a,n/a,n/a,n/a,n/a,n/a,n/a,n/a,n/a,n/a,n/a,n/a,n/a,n/a,n/a,n/a,0.0338,0.0333,0.0308,0.0394,0.0351,0.0354,0.0308,0.0307,0.0287,0.0288,n/a,n/a,n/a,n/a
Cyprus,n/a,n/a,n/a,n/a,n/a,n/a,n/a,n/a,n/a,n/a,n/a,n/a,n/a,n/a,n/a,n/a,n/a,n/a,n/a,n/a,n/a,n/a,n/a,n/a,n/a,n/a,n/a,n/a,n/a,n/a,n/a,n/a,n/a,n/a,n/a,n/a,0.0127,0.0158,0.0539,0.0570,0.0537,0.0737,0.0726,0.0913,0.0407,0.0402,0.0304,0.0452,0.0557,0.0468,0.0273,0.0282,0.0315,0.0213,0.0199,0.0196,0.0204,0.0190,0.0168,0.0163,0.0182,0.0185,0.0174,0.0165,0.0161,0.0154,0.0165,0.0140,0.0157,0.0176,0.0179,0.0194,0.0191,0.0181
Czechia,n/a,n/a,n/a,n/a,n/a,n/a,n/a,n/a,n/a,n/a,n/a,n/a,n/a,n/a,n/a,n/a,n/a,n/a,n/a,n/a,n/a,n/a,n/a,n/a,n/a,n/a,n/a,n/a,n/a,n/a,n/a,n/a,n/a,n/a,n/a,n/a,n/a,n/a,n/a,n/a,n/a,n/a,n/a,n/a,0.0233,0.0228,0.0184,0.0173,0.0166,0.0183,0.0186,0.0188,0.0175,0.0182,0.0189,0.0171,0.0178,0.0157,0.0142,0.0123,0.0131,0.0119,0.0108,0.0106,0.0102,0.0097,0.0095,0.0100,0.0096,0.0109,0.0115,0.0132,0.0140,0.0136
Czechoslovakia,n/a,n/a,n/a,n/a,n/a,n/a,n/a,n/a,n/a,n/a,n/a,n/a,n/a,n/a,n/a,n/a,n/a,n/a,n/a,n/a,n/a,n/a,n/a,n/a,n/a,n/a,n/a,n/a,n/a,n/a,n/a,n/a,n/a,n/a,n/a,n/a,n/a,n/a,n/a,n/a,n/a,n/a,n/a,n/a,n/a,n/a,n/a,n/a,n/a,n/a,n/a,n/a,n/a,n/a,n/a,n/a,n/a,n/a,n/a,n/a,n/a,n/a,n/a,n/a,n/a,n/a,n/a,n/a,n/a,n/a,n/a,n/a,n/a,n/a
Denmark,n/a,0.0166,0.0205,0.0274,0.0336,0.0319,0.0318,0.0303,0.0308,0.0288,0.0259,0.0273,0.0259,0.0302,0.0304,0.0284,0.0283,0.0264,0.0259,0.0268,0.0239,0.0243,0.0236,0.0218,0.0198,0.0223,0.0240,0.0220,0.0222,0.0227,0.0225,0.0236,0.0244,0.0242,0.0236,0.0224,0.0210,0.0194,0.0203,0.0209,0.0202,0.0195,0.0195,0.0189,0.0191,0.0177,0.0169,0.0164,0.0162,0.0161,0.0156,0.0146,0.0153,0.0151,0.0147,0.0142,0.0131,0.0138,0.0131,0.0136,0.0135,0.0140,0.0131,0.0135,0.0123,0.0115,0.0111,0.0115,0.0114,0.0128,0.0130,0.0138,0.0132,0.0142
Djibouti,n/a,n/a,n/a,n/a,n/a,n/a,n/a,n/a,n/a,n/a,n/a,n/a,n/a,n/a,n/a,n/a,n/a,n/a,n/a,n/a,n/a,n/a,n/a,n/a,n/a,n/a,n/a,n/a,n/a,0.0002,0.0002,0.0054,0.0142,0.0749,0.0766,n/a,n/a,n/a,n/a,n/a,n/a,n/a,0.0665,0.0676,0.0616,0.0576,0.0579,0.0508,0.0547,0.0565,0.0548,0.0507,n/a,n/a,n/a,0.0561,0.0451,0.0459,0.0290,0.0263,n/a,n/a,n/a,n/a,n/a,n/a,n/a,n/a,n/a,n/a,n/a,n/a,n/a,n/a
Dominican Republic,n/a,n/a,n/a,n/a,n/a,n/a,n/a,n/a,n/a,0.0531,n/a,0.0523,0.0523,0.0432,0.0387,0.0378,0.0421,0.0346,0.0319,0.0325,0.0265,0.0242,0.0220,0.0199,0.0179,0.0197,0.0183,0.0193,0.0189,0.0218,0.0218,0.0158,0.0172,0.0158,0.0137,0.0120,0.0121,0.0134,0.0102,0.0088,0.0080,0.0068,0.0035,0.0056,0.0076,0.0073,0.0055,0.0063,0.0080,0.0078,0.0082,0.0103,0.0121,0.0106,0.0076,0.0069,0.0077,0.0068,0.0063,0.0070,0.0067,0.0067,0.0060,0.0065,0.0061,0.0065,0.0064,0.0063,0.0067,0.0069,0.0069,0.0075,0.0065,0.0072
Ecuador,n/a,n/a,n/a,n/a,0.0194,n/a,n/a,n/a,0.0241,0.0228,0.0190,0.0238,0.0205,0.0205,0.0177,0.0191,0.0207,0.0182,0.0180,0.0192,0.0237,0.0183,0.0185,0.0199,0.0198,0.0202,0.0237,0.0220,0.0308,0.0214,0.0199,0.0178,0.0168,0.0165,0.0157,0.0149,0.0178,0.0184,0.0197,0.0198,0.0192,0.0189,0.0178,0.0167,0.0182,0.0156,0.0234,0.0195,0.0210,0.0236,0.0175,0.0145,0.0157,0.0177,0.0228,0.0194,0.0230,0.0203,0.0257,0.0267,0.0312,0.0301,0.0310,0.0295,0.0288,0.0274,0.0262,0.0251,0.0236,0.0235,0.0218,0.0237,0.0224,0.0216
Egypt,n/a,n/a,n/a,n/a,n/a,n/a,n/a,n/a,n/a,n/a,n/a,n/a,n/a,0.0668,0.0866,0.1033,0.1012,0.0872,0.0891,0.1113,0.1434,0.1599,0.1719,0.1356,0.1351,0.1727,0.1543,0.1373,0.1311,0.0994,0.0647,0.0616,0.0742,0.0719,0.0796,0.0827,0.0786,0.0750,0.0653,0.0506,0.0397,0.0347,0.0361,0.0322,0.0310,0.0315,0.0308,0.0297,0.0284,0.0266,0.0257,0.0255,0.0299,0.0328,0.0318,0.0288,0.0271,0.0261,0.0238,0.0218,0.0203,0.0195,0.0184,0.0165,0.0161,0.0169,0.0172,0.0167,0.0142,0.0125,0.0118,0.0112,0.0112,0.0106
El Salvador,n/a,n/a,n/a,n/a,n/a,n/a,n/a,n/a,n/a,n/a,n/a,n/a,n/a,n/a,n/a,n/a,0.0074,0.0071,0.0069,0.0066,0.0072,0.0063,0.0072,0.0088,0.0086,0.0080,0.0083,0.0088,0.0097,0.0112,0.0158,0.0174,0.0228,0.0278,0.0355,0.0644,0.0659,0.0433,0.0447,0.0427,0.0487,0.0341,0.0273,0.0225,0.0168,0.0135,0.0118,0.0107,0.0101,0.0092,0.0092,0.0084,0.0109,0.0113,0.0084,0.0081,0.0090,0.0089,0.0097,0.0096,0.0108,0.0109,0.0109,0.0105,0.0108,0.0104,0.0106,0.0102,0.0104,0.0113,0.0118,0.0140,0.0122,0.0132
Equatorial Guinea,n/a,n/a,n/a,n/a,n/a,n/a,n/a,n/a,n/a,n/a,n/a,n/a,n/a,n/a,n/a,n/a,n/a,n/a,n/a,n/a,n/a,n/a,n/a,n/a,n/a,n/a,n/a,n/a,n/a,n/a,n/a,n/a,n/a,n/a,n/a,n/a,n/a,n/a,n/a,n/a,n/a,n/a,n/a,n/a,n/a,0.0199,0.0205,n/a,n/a,n/a,n/a,n/a,n/a,n/a,n/a,n/a,n/a,n/a,0.0150,0.0148,0.0247,n/a,n/a,n/a,n/a,0.0077,0.0104,0.0124,0.0113,0.0114,0.0130,0.0162,0.0146,0.0110
Eritrea,n/a,n/a,n/a,n/a,n/a,n/a,n/a,n/a,n/a,n/a,n/a,n/a,n/a,n/a,n/a,n/a,n/a,n/a,n/a,n/a,n/a,n/a,n/a,n/a,n/a,n/a,n/a,n/a,n/a,n/a,n/a,n/a,n/a,n/a,n/a,n/a,n/a,n/a,n/a,n/a,n/a,n/a,n/a,n/a,0.2133,0.1272,0.1954,0.2034,0.1186,0.3250,0.3438,0.3266,0.2214,0.2067,0.2087,n/a,n/a,n/a,n/a,n/a,n/a,n/a,n/a,n/a,n/a,n/a,n/a,n/a,n/a,n/a,n/a,n/a,n/a,n/a
Estonia,n/a,n/a,n/a,n/a,n/a,n/a,n/a,n/a,n/a,n/a,n/a,n/a,n/a,n/a,n/a,n/a,n/a,n/a,n/a,n/a,n/a,n/a,n/a,n/a,n/a,n/a,n/a,n/a,n/a,n/a,n/a,n/a,n/a,n/a,n/a,n/a,n/a,n/a,n/a,n/a,n/a,n/a,n/a,n/a,0.0076,0.0104,0.0096,0.0087,0.0105,0.0107,0.0129,0.0138,0.0150,0.0167,0.0174,0.0170,0.0145,0.0139,0.0166,0.0177,0.0180,0.0170,0.0168,0.0190,0.0191,0.0193,0.0203,0.0207,0.0201,0.0201,0.0205,0.0229,0.0201,0.0209
Eswatini,n/a,n/a,n/a,n/a,n/a,n/a,n/a,n/a,n/a,n/a,n/a,n/a,n/a,n/a,n/a,n/a,n/a,n/a,n/a,n/a,n/a,n/a,n/a,n/a,n/a,n/a,n/a,n/a,0.0178,0.0243,0.0246,0.0242,0.0217,0.0220,0.0226,0.0203,0.0184,0.0163,0.0143,0.0126,0.0125,0.0128,0.0138,0.0163,0.0175,0.0182,0.0169,0.0165,0.0149,0.0165,0.0168,0.0144,0.0129,0.0130,0.0147,0.0154,0.0190,0.0181,0.0164,0.0201,0.0210,0.0237,0.0222,0.0191,0.0195,0.0182,0.0175,0.0207,0.0192,0.0210,0.0189,0.0186,0.0178,0.0165
Ethiopia,n/a,n/a,n/a,n/a,n/a,n/a,n/a,n/a,n/a,n/a,n/a,n/a,0.0186,0.0193,0.0243,0.0292,0.0323,0.0311,0.0249,0.0220,0.0202,0.0188,0.0191,0.0194,0.0193,0.0279,0.0449,0.0413,0.0397,0.0481,0.0689,0.0871,0.0754,0.0754,0.0718,0.0797,0.0682,0.0670,0.0686,0.0850,0.1028,0.0966,0.0571,0.0344,0.0307,0.0287,0.0223,0.0212,0.0334,0.0728,0.0951,0.0761,0.0435,0.0372,0.0324,0.0307,0.0281,0.0231,0.0190,0.0152,0.0120,0.0115,0.0109,0.0087,0.0081,0.0077,0.0071,0.0068,0.0068,0.0065,0.0058,0.0052,0.0049,0.0090
European Union,n/a,n/a,n/a,n/a,n/a,n/a,n/a,n/a,n/a,n/a,n/a,n/a,n/a,n/a,n/a,n/a,n/a,n/a,n/a,n/a,n/a,n/a,n/a,n/a,n/a,n/a,n/a,n/a,n/a,n/a,n/a,n/a,n/a,n/a,n/a,n/a,n/a,n/a,n/a,n/a,n/a,n/a,n/a,n/a,n/a,n/a,n/a,n/a,n/a,n/a,n/a,n/a,n/a,n/a,n/a,n/a,n/a,n/a,n/a,n/a,n/a,n/a,n/a,n/a,n/a,n/a,n/a,n/a,n/a,n/a,n/a,n/a,n/a,0.0001
Fiji,n/a,n/a,n/a,n/a,n/a,n/a,n/a,n/a,n/a,n/a,n/a,n/a,n/a,n/a,n/a,n/a,n/a,n/a,n/a,n/a,n/a,0.0019,0.0022,0.0025,0.0022,0.0024,0.0030,0.0040,0.0051,0.0087,0.0094,0.0086,0.0092,0.0115,0.0124,0.0122,0.0113,0.0104,0.0197,0.0205,0.0227,0.0211,0.0217,0.0184,0.0181,0.0170,0.0163,0.0142,0.0136,0.0126,0.0113,0.0176,0.0182,0.0155,0.0149,0.0158,0.0132,0.0161,0.0224,0.0152,0.0179,0.0161,0.0161,0.0149,0.0139,0.0154,0.0091,0.0110,0.0140,0.0146,0.0144,0.0159,0.0160,0.0140
Finland,n/a,n/a,n/a,n/a,n/a,n/a,n/a,n/a,n/a,0.0171,0.0187,0.0177,0.0184,0.0251,0.0193,0.0186,0.0180,0.0171,0.0162,0.0176,0.0144,0.0138,0.0145,0.0153,0.0145,0.0127,0.0151,0.0134,0.0141,0.0143,0.0148,0.0167,0.0155,0.0164,0.0182,0.0160,0.0168,0.0172,0.0165,0.0161,0.0153,0.0156,0.0178,0.0191,0.0187,0.0176,0.0142,0.0153,0.0154,0.0146,0.0122,0.0124,0.0114,0.0115,0.0145,0.0147,0.0146,0.0144,0.0129,0.0139,0.0156,0.0149,0.0149,0.0153,0.0153,0.0145,0.0145,0.0142,0.0135,0.0136,0.0135,0.0143,0.0126,0.0172
France,n/a,0.0465,0.0599,0.0723,0.0757,0.0612,0.0538,0.0646,0.0616,0.0569,0.0564,0.0543,0.0530,0.0516,0.0474,0.0454,0.0440,0.0429,0.0430,0.0414,0.0368,0.0346,0.0332,0.0323,0.0314,0.0309,0.0320,0.0316,0.0323,0.0315,0.0314,0.0316,0.0325,0.0322,0.0324,0.0319,0.0314,0.0309,0.0312,0.0296,0.0288,0.0281,0.0281,0.0269,0.0269,0.0266,0.0249,0.0241,0.0238,0.0223,0.0218,0.0209,0.0203,0.0205,0.0210,0.0210,0.0202,0.0198,0.0191,0.0190,0.0210,0.0197,0.0189,0.0187,0.0185,0.0186,0.0187,0.0192,0.0191,0.0184,0.0184,0.0200,0.0192,0.0194
Gabon,n/a,n/a,n/a,n/a,n/a,n/a,n/a,n/a,n/a,n/a,n/a,n/a,n/a,n/a,n/a,n/a,n/a,n/a,0.0111,0.0102,0.0137,0.0143,0.0144,0.0155,0.0130,0.0068,0.0078,0.0067,0.0103,n/a,0.0188,0.0160,0.0229,0.0245,0.0255,0.0226,0.0286,0.0400,n/a,n/a,n/a,n/a,n/a,n/a,n/a,n/a,n/a,n/a,n/a,n/a,n/a,0.0180,0.0179,0.0178,0.0167,0.0161,0.0125,0.0128,n/a,n/a,n/a,0.0187,0.0146,0.0162,0.0160,0.0114,0.0119,0.0145,0.0181,0.0155,0.0158,0.0172,0.0154,0.0126
"Gambia, The",n/a,n/a,n/a,n/a,n/a,n/a,n/a,n/a,n/a,n/a,n/a,n/a,n/a,n/a,n/a,n/a,n/a,n/a,n/a,n/a,n/a,n/a,n/a,n/a,n/a,n/a,n/a,n/a,n/a,n/a,n/a,n/a,n/a,n/a,0.0034,0.0048,0.0055,0.0056,0.0063,0.0081,0.0096,0.0046,0.0050,0.0041,0.0028,0.0026,0.0030,0.0040,0.0041,0.0038,0.0033,0.0032,0.0023,0.0024,0.0023,0.0019,0.0028,0.0026,0.0036,0.0109,0.0048,n/a,n/a,0.0079,0.0074,0.0121,0.0104,n/a,n/a,0.0072,0.0077,0.0081,0.0077,0.0069
Georgia,n/a,n/a,n/a,n/a,n/a,n/a,n/a,n/a,n/a,n/a,n/a,n/a,n/a,n/a,n/a,n/a,n/a,n/a,n/a,n/a,n/a,n/a,n/a,n/a,n/a,n/a,n/a,n/a,n/a,n/a,n/a,n/a,n/a,n/a,n/a,n/a,n/a,n/a,n/a,n/a,n/a,n/a,n/a,n/a,n/a,n/a,n/a,0.0221,0.0125,0.0114,0.0092,0.0062,0.0074,0.0100,0.0107,0.0137,0.0334,0.0522,0.0916,0.0852,0.0561,0.0371,0.0310,0.0298,0.0257,0.0236,0.0200,0.0208,0.0197,0.0190,0.0178,0.0181,0.0161,0.0143
German Democratic Republic,n/a,n/a,n/a,n/a,n/a,n/a,n/a,n/a,n/a,n/a,n/a,n/a,n/a,n/a,n/a,n/a,n/a,n/a,n/a,n/a,n/a,n/a,n/a,n/a,n/a,n/a,n/a,n/a,n/a,n/a,n/a,n/a,n/a,n/a,n/a,n/a,n/a,n/a,n/a,n/a,n/a,n/a,n/a,n/a,n/a,n/a,n/a,n/a,n/a,n/a,n/a,n/a,n/a,n/a,n/a,n/a,n/a,n/a,n/a,n/a,n/a,n/a,n/a,n/a,n/a,n/a,n/a,n/a,n/a,n/a,n/a,n/a,n/a,n/a
Germany,n/a,n/a,n/a,n/a,0.0397,0.0374,0.0384,0.0341,0.0390,0.0279,0.0417,0.0377,0.0374,0.0450,0.0490,0.0438,0.0409,0.0391,0.0408,0.0341,0.0340,0.0301,0.0306,0.0317,0.0316,0.0326,0.0328,0.0314,0.0304,0.0305,0.0296,0.0296,0.0304,0.0303,0.0303,0.0293,0.0287,0.0279,0.0277,0.0264,0.0253,0.0252,0.0200,0.0186,0.0169,0.0155,0.0150,0.0147,0.0141,0.0139,0.0140,0.0136,0.0132,0.0133,0.0132,0.0127,0.0107,0.0120,0.0117,0.0121,0.0131,0.0127,0.0121,0.0124,0.0119,0.0115,0.0114,0.0115,0.0115,0.0117,0.0126,0.0137,0.0133,0.0139
Ghana,n/a,n/a,n/a,n/a,n/a,n/a,n/a,n/a,n/a,0.0100,0.0103,0.0171,0.0210,0.0200,0.0202,0.0192,0.0173,0.0223,n/a,0.0266,0.0250,0.0212,0.0170,0.0143,0.0136,0.0158,0.0171,0.0157,0.0125,0.0085,0.0065,0.0077,0.0074,n/a,0.0034,0.0059,0.0100,0.0090,0.0089,0.0044,0.0043,0.0028,0.0037,0.0038,0.0042,0.0043,0.0034,0.0029,0.0029,0.0033,0.0033,0.0044,0.0026,0.0026,0.0030,0.0028,0.0026,0.0026,0.0037,0.0029,0.0034,0.0028,0.0044,0.0059,0.0040,0.0048,0.0039,0.0029,0.0031,0.0033,0.0034,0.0035,0.0038,0.0035
Greece,0.0591,0.0601,0.0664,0.0643,0.0511,0.0549,0.0511,0.0594,0.0500,0.0477,0.0486,0.0486,0.0424,0.0405,0.0382,0.0357,0.0350,0.0358,0.0435,0.0469,0.0479,0.0420,0.0412,0.0396,0.0352,0.0482,0.0585,0.0583,0.0592,0.0558,0.0518,0.0466,0.0574,0.0563,0.0517,0.0484,0.0469,0.0413,0.0426,0.0420,0.0377,0.0380,0.0348,0.0363,0.0360,0.0358,0.0317,0.0331,0.0337,0.0353,0.0336,0.0347,0.0325,0.0308,0.0249,0.0261,0.0284,0.0278,0.0268,0.0298,0.0322,0.0275,0.0252,0.0244,0.0237,0.0235,0.0246,0.0257,0.0256,0.0272,0.0262,0.0306,0.0386,0.0369
Guatemala,n/a,n/a,n/a,n/a,n/a,n/a,0.0131,0.0127,0.0130,0.0124,0.0127,0.0116,0.0112,0.0105,0.0117,0.0100,0.0140,0.0137,0.0146,0.0127,0.0103,0.0170,0.0112,0.0114,0.0091,0.0090,0.0123,0.0127,0.0137,0.0118,0.0131,0.0132,0.0189,0.0203,0.0204,0.0219,0.0201,0.0167,0.0175,0.0187,0.0180,0.0173,0.0127,0.0147,0.0127,0.0118,0.0108,0.0090,0.0074,0.0072,0.0068,0.0092,0.0105,0.0076,0.0082,0.0048,0.0038,0.0043,0.0040,0.0047,0.0040,0.0044,0.0046,0.0048,0.0047,0.0042,0.0041,0.0044,0.0038,0.0037,0.0043,0.0044,0.0040,0.0046
Guinea,n/a,n/a,n/a,n/a,n/a,n/a,n/a,n/a,n/a,n/a,n/a,n/a,n/a,n/a,n/a,n/a,n/a,n/a,n/a,n/a,n/a,n/a,n/a,n/a,n/a,n/a,n/a,n/a,n/a,n/a,n/a,0.0090,0.0079,0.0064,n/a,n/a,n/a,n/a,n/a,n/a,n/a,n/a,0.0238,0.0169,0.0134,0.0136,n/a,n/a,0.0117,0.0125,0.0160,0.0153,0.0310,0.0332,0.0244,0.0223,n/a,n/a,n/a,n/a,n/a,n/a,n/a,0.0229,0.0235,0.0224,0.0252,0.0188,0.0177,0.0164,0.0145,0.0144,0.0148,0.0204
Guinea-Bissau,n/a,n/a,n/a,n/a,n/a,n/a,n/a,n/a,n/a,n/a,n/a,n/a,n/a,n/a,n/a,n/a,n/a,n/a,n/a,n/a,n/a,n/a,n/a,n/a,n/a,n/a,n/a,n/a,n/a,n/a,n/a,n/a,n/a,0.0001,0.0001,0.0002,0.0001,0.0002,0.0006,n/a,0.0018,n/a,n/a,n/a,n/a,0.0032,0.0050,0.0057,0.0065,0.0140,n/a,0.0263,0.0163,0.0156,0.0158,n/a,0.0189,n/a,n/a,n/a,0.0155,0.0182,0.0152,0.0233,0.0196,0.0189,0.0148,0.0126,0.0131,0.0141,0.0157,0.0169,0.0160,0.0161
Guyana,n/a,n/a,n/a,n/a,n/a,n/a,n/a,n/a,n/a,n/a,n/a,n/a,n/a,n/a,n/a,n/a,n/a,n/a,n/a,n/a,n/a,n/a,n/a,n/a,0.0165,0.0285,0.0696,0.0835,0.0607,0.0389,0.0372,0.0370,0.0394,0.0513,0.0452,0.0467,0.0844,0.0536,0.0309,0.0266,0.0158,0.0091,0.0058,0.0097,0.0095,0.0101,0.0092,0.0079,n/a,n/a,n/a,0.0177,0.0202,0.0229,0.0220,0.0281,0.0141,0.0081,0.0091,0.0101,0.0098,0.0091,0.0088,0.0083,0.0084,0.0095,0.0108,0.0115,0.0125,0.0129,0.0130,0.0140,0.0100,0.0057
Haiti,n/a,n/a,n/a,n/a,n/a,n/a,n/a,n/a,n/a,n/a,n/a,n/a,n/a,n/a,n/a,n/a,n/a,n/a,n/a,n/a,n/a,n/a,n/a,n/a,n/a,n/a,n/a,n/a,n/a,n/a,n/a,n/a,n/a,n/a,n/a,n/a,n/a,n/a,n/a,0.0009,0.0009,0.0010,0.0011,0.0011,0.0011,0.0008,0.0011,n/a,n/a,n/a,n/a,n/a,n/a,n/a,n/a,n/a,n/a,n/a,n/a,n/a,n/a,n/a,n/a,n/a,0.0003,0.0004,0.0005,0.0005,0.0005,0.0009,0.0008,0.0017,0.0011,0.0007
Honduras,n/a,n/a,0.0096,0.0091,0.0096,0.0100,0.0110,0.0112,0.0165,0.0172,0.0151,0.0117,0.0108,0.0099,0.0093,0.0128,0.0123,0.0118,0.0114,0.0109,0.0107,0.0137,0.0147,0.0184,0.0168,0.0160,0.0190,0.0176,0.0190,0.0227,0.0224,0.0222,0.0215,0.0231,0.0227,0.0244,0.0258,0.0277,0.0295,0.0285,0.0267,0.0220,0.0154,n/a,0.0116,n/a,n/a,n/a,n/a,n/a,n/a,0.0073,0.0082,0.0081,0.0100,0.0068,0.0064,0.0069,0.0078,0.0095,0.0107,0.0107,0.0113,0.0115,0.0160,0.0155,0.0167,0.0166,0.0172,0.0161,0.0162,0.0148,0.0154,0.0153
Hungary,n/a,n/a,n/a,n/a,n/a,n/a,n/a,n/a,n/a,n/a,n/a,n/a,n/a,n/a,n/a,n/a,n/a,n/a,n/a,n/a,n/a,0.0403,0.0374,0.0327,0.0301,0.0321,0.0334,0.0301,0.0296,0.0324,0.0324,0.0334,0.0333,0.0324,0.0334,0.0315,0.0497,0.0322,0.0316,0.0360,0.0279,0.0256,0.0216,0.0218,0.0191,0.0182,0.0132,0.0126,0.0148,0.0127,0.0143,0.0151,0.0157,0.0159,0.0164,0.0147,0.0141,0.0122,0.0127,0.0118,0.0113,0.0102,0.0104,0.0103,0.0094,0.0086,0.0090,0.0100,0.0119,0.0101,0.0134,0.0176,0.0168,0.0153
Iceland,n/a,n/a,n/a,n/a,n/a,n/a,n/a,n/a,n/a,n/a,n/a,n/a,n/a,n/a,n/a,n/a,n/a,n/a,n/a,n/a,n/a,n/a,n/a,n/a,n/a,n/a,n/a,n/a,n/a,n/a,n/a,n/a,n/a,n/a,n/a,n/a,n/a,n/a,n/a,n/a,n/a,n/a,n/a,n/a,n/a,n/a,n/a,n/a,n/a,n/a,n/a,n/a,n/a,n/a,n/a,n/a,n/a,n/a,n/a,n/a,n/a,n/a,n/a,n/a,n/a,n/a,n/a,n/a,n/a,n/a,n/a,n/a,n/a,n/a
India,n/a,n/a,n/a,n/a,n/a,n/a,n/a,0.0202,0.0248,0.0192,0.0214,0.0200,0.0207,0.0275,0.0403,0.0382,0.0387,0.0357,0.0322,0.0325,0.0314,0.0319,0.0365,0.0372,0.0316,0.0320,0.0353,0.0348,0.0316,0.0313,0.0326,0.0313,0.0319,0.0335,0.0332,0.0342,0.0357,0.0411,0.0423,0.0373,0.0353,0.0315,0.0291,0.0270,0.0282,0.0266,0.0258,0.0247,0.0265,0.0273,0.0296,0.0295,0.0292,0.0283,0.0268,0.0283,0.0291,0.0268,0.0248,0.0263,0.0313,0.0289,0.0270,0.0262,0.0255,0.0254,0.0246,0.0254,0.0253,0.0242,0.0255,0.0281,0.0247,0.0243
Indonesia,n/a,n/a,n/a,n/a,n/a,n/a,n/a,n/a,n/a,n/a,n/a,n/a,n/a,n/a,n/a,n/a,n/a,n/a,n/a,n/a,n/a,n/a,n/a,n/a,n/a,0.0271,0.0349,0.0342,0.0321,0.0316,0.0302,0.0292,0.0288,0.0290,0.0240,0.0229,0.0217,0.0201,0.0172,0.0153,0.0139,0.0141,0.0132,0.0136,0.0122,0.0127,0.0123,0.0126,0.0150,0.0102,0.0081,0.0068,0.0057,0.0070,0.0091,0.0095,0.0075,0.0066,0.0071,0.0058,0.0057,0.0062,0.0065,0.0071,0.0092,0.0078,0.0088,0.0079,0.0087,0.0072,0.0073,0.0089,0.0074,0.0070
Iran,n/a,n/a,n/a,n/a,n/a,n/a,n/a,n/a,n/a,n/a,n/a,0.0229,0.0235,0.0231,0.0259,0.0288,0.0325,0.0382,0.0446,0.0518,0.0597,0.0586,0.0305,0.0228,0.0186,0.0875,0.1207,0.1125,0.1019,0.1111,0.0580,0.0534,0.0819,0.0791,0.0710,0.0635,0.0651,0.0608,0.0589,0.0627,0.0456,0.0294,0.0217,0.0179,0.0170,0.0207,0.0215,0.0224,0.0250,0.0263,0.0240,0.0230,0.0242,0.0217,0.0241,0.0283,0.0304,0.0332,0.0265,0.0268,0.0305,0.0279,0.0238,0.0269,0.0218,0.0212,0.0256,0.0280,0.0284,0.0224,0.0201,0.0197,0.0219,0.0259
Iraq,n/a,n/a,n/a,n/a,n/a,n/a,n/a,n/a,0.0654,0.0608,0.0671,0.0705,0.0685,0.0691,0.0825,0.0796,0.0887,0.0852,0.0843,0.0922,0.1138,0.1117,0.1052,0.1064,0.1226,0.1249,0.1167,0.1116,0.0981,0.0812,0.0615,0.0551,0.1083,n/a,n/a,n/a,n/a,n/a,n/a,n/a,n/a,n/a,n/a,n/a,n/a,n/a,n/a,n/a,n/a,n/a,n/a,n/a,n/a,n/a,n/a,0.0168,0.0224,0.0190,0.0224,0.0237,0.0290,0.0271,0.0230,0.0190,0.0332,0.0295,0.0541,0.0356,0.0386,0.0283,0.0328,0.0335,0.0230,0.0167
Ireland,n/a,n/a,n/a,n/a,n/a,n/a,n/a,n/a,n/a,0.0145,0.0142,0.0133,0.0132,0.0129,0.0124,0.0130,0.0133,0.0123,0.0119,0.0113,0.0110,0.0116,0.0124,0.0133,0.0131,0.0141,0.0163,0.0162,0.0153,0.0148,0.0158,0.0167,0.0158,0.0159,0.0149,0.0141,0.0142,0.0142,0.0128,0.0120,0.0111,0.0120,0.0125,0.0120,0.0114,0.0111,0.0101,0.0099,0.0092,0.0082,0.0075,0.0070,0.0070,0.0063,0.0059,0.0057,0.0054,0.0051,0.0051,0.0058,0.0060,0.0057,0.0054,0.0051,0.0050,0.0046,0.0034,0.0034,0.0031,0.0029,0.0028,0.0027,0.0025,0.0023
Israel,n/a,n/a,n/a,n/a,n/a,n/a,n/a,n/a,n/a,n/a,n/a,0.0746,0.0787,0.0916,0.0975,0.0898,0.0857,0.0943,0.1544,0.1743,0.1909,0.2345,0.2280,0.2037,0.2786,0.2766,0.3046,0.2925,0.2309,0.2289,0.1938,0.1892,0.2026,0.1839,0.1555,0.1618,0.1660,0.1477,0.1690,0.1595,0.1245,0.1236,0.1559,0.1093,0.1152,0.1012,0.0792,0.0773,0.0748,0.0698,0.0653,0.0630,0.0651,0.0659,0.0649,0.0636,0.0626,0.0605,0.0637,0.0639,0.0615,0.0594,0.0577,0.0564,0.0546,0.0564,0.0542,0.0541,0.0543,0.0528,0.0505,0.0528,0.0498,0.0451
Italy,n/a,n/a,0.0378,0.0399,0.0333,0.0353,0.0325,0.0317,0.0309,0.0304,0.0295,0.0271,0.0257,0.0263,0.0275,0.0273,0.0275,0.0299,0.0277,0.0265,0.0242,0.0206,0.0224,0.0239,0.0220,0.0207,0.0198,0.0183,0.0189,0.0188,0.0187,0.0176,0.0182,0.0201,0.0202,0.0201,0.0194,0.0198,0.0206,0.0207,0.0203,0.0188,0.0186,0.0175,0.0179,0.0171,0.0147,0.0159,0.0163,0.0164,0.0168,0.0174,0.0168,0.0171,0.0171,0.0168,0.0160,0.0152,0.0145,0.0154,0.0155,0.0150,0.0148,0.0143,0.0140,0.0128,0.0121,0.0133,0.0136,0.0136,0.0131,0.0174,0.0172,0.0168
Jamaica,n/a,n/a,n/a,n/a,n/a,n/a,n/a,n/a,n/a,n/a,n/a,n/a,n/a,n/a,n/a,n/a,n/a,n/a,n/a,n/a,n/a,n/a,n/a,n/a,n/a,n/a,n/a,0.0093,0.0094,n/a,n/a,n/a,0.0151,0.0163,0.0139,0.0106,0.0089,0.0085,0.0077,0.0081,0.0093,0.0084,0.0076,0.0111,0.0082,0.0063,0.0054,0.0057,0.0066,0.0054,0.0051,0.0049,0.0050,0.0059,0.0058,0.0054,0.0053,0.0061,0.0065,0.0095,0.0095,0.0087,0.0093,0.0093,0.0090,0.0087,0.0087,0.0095,0.0097,0.0133,0.0168,0.0171,0.0147,0.0131
Japan,n/a,n/a,n/a,0.0207,0.0203,0.0219,0.0210,0.0175,0.0150,0.0143,0.0126,0.0108,0.0092,0.0088,0.0090,0.0088,0.0090,0.0088,0.0084,0.0079,0.0077,0.0077,0.0082,0.0084,0.0082,0.0086,0.0091,0.0089,0.0089,0.0089,0.0091,0.0091,0.0092,0.0093,0.0095,0.0096,0.0096,0.0096,0.0097,0.0095,0.0094,0.0094,0.0094,0.0095,0.0095,0.0092,0.0092,0.0091,0.0092,0.0094,0.0095,0.0092,0.0093,0.0094,0.0094,0.0093,0.0092,0.0090,0.0088,0.0091,0.0097,0.0095,0.0097,0.0096,0.0094,0.0096,0.0095,0.0093,0.0091,0.0096,0.0099,0.0102,0.0102,0.0108
Jordan,n/a,n/a,n/a,n/a,n/a,n/a,n/a,n/a,n/a,n/a,0.2254,0.2040,0.1651,0.1815,0.1712,0.1484,0.1341,0.1949,0.2349,0.2406,n/a,0.1851,0.1715,0.1836,0.1867,0.1751,0.1525,0.1724,0.1253,0.1172,0.1221,0.1065,0.1001,0.0994,0.0985,0.0922,0.1005,0.0977,0.0958,0.0936,0.0907,0.0775,0.0997,0.0692,0.0698,0.0654,0.0445,0.0603,0.0613,0.0627,0.0628,0.0626,0.0589,0.0545,0.0600,0.0514,0.0480,0.0466,0.0585,0.0599,0.0639,0.0574,0.0540,0.0466,0.0419,0.0420,0.0419,0.0444,0.0468,0.0456,0.0457,0.0470,0.0481,0.0484
Kazakhstan,n/a,n/a,n/a,n/a,n/a,n/a,n/a,n/a,n/a,n/a,n/a,n/a,n/a,n/a,n/a,n/a,n/a,n/a,n/a,n/a,n/a,n/a,n/a,n/a,n/a,n/a,n/a,n/a,n/a,n/a,n/a,n/a,n/a,n/a,n/a,n/a,n/a,n/a,n/a,n/a,n/a,n/a,n/a,n/a,0.0106,0.0084,0.0103,0.0120,0.0111,0.0115,0.0082,0.0078,0.0100,0.0100,0.0103,0.0099,0.0104,0.0098,0.0130,0.0115,0.0110,0.0101,0.0094,0.0105,0.0108,0.0104,n/a,0.0093,0.0083,0.0084,0.0102,0.0091,0.0082,0.0051
Kenya,n/a,n/a,n/a,n/a,n/a,n/a,n/a,n/a,n/a,n/a,n/a,n/a,n/a,n/a,0.0021,0.0059,0.0099,0.0113,0.0130,0.0122,0.0108,0.0106,0.0123,0.0154,0.0166,0.0178,0.0188,0.0248,0.0374,0.0520,0.0550,0.0452,0.0423,0.0457,0.0420,0.0348,0.0238,0.0250,0.0313,0.0295,0.0274,0.0289,0.0235,0.0190,0.0184,0.0164,0.0165,0.0142,0.0134,0.0122,0.0119,0.0131,0.0150,0.0163,0.0165,0.0161,0.0169,0.0146,0.0155,0.0162,0.0137,0.0137,0.0138,0.0149,0.0140,0.0120,0.0120,0.0125,0.0124,0.0121,0.0111,0.0111,0.0107,0.0100
"Korea, North",n/a,n/a,n/a,n/a,n/a,n/a,n/a,n/a,n/a,n/a,n/a,n/a,n/a,n/a,n/a,n/a,n/a,n/a,n/a,n/a,n/a,n/a,n/a,n/a,n/a,n/a,n/a,n/a,n/a,n/a,n/a,n/a,n/a,n/a,n/a,n/a,n/a,n/a,n/a,n/a,n/a,n/a,n/a,n/a,n/a,n/a,n/a,n/a,n/a,n/a,n/a,n/a,n/a,n/a,n/a,n/a,n/a,n/a,n/a,n/a,n/a,n/a,n/a,n/a,n/a,n/a,n/a,n/a,n/a,n/a,n/a,n/a,n/a,n/a
"Korea, South",n/a,n/a,n/a,n/a,0.0236,0.0585,0.0624,0.0833,0.0680,0.0743,0.0764,0.0716,0.0673,0.0687,0.0482,0.0413,0.0441,0.0469,0.0469,0.0473,0.0469,0.0440,0.0473,0.0501,0.0403,0.0454,0.0488,0.0591,0.0603,0.0637,0.0553,0.0640,0.0642,0.0624,0.0573,0.0525,0.0523,0.0495,0.0447,0.0428,0.0429,0.0400,0.0371,0.0369,0.0342,0.0319,0.0289,0.0274,0.0266,0.0279,0.0249,0.0246,0.0243,0.0232,0.0233,0.0233,0.0247,0.0249,0.0247,0.0249,0.0260,0.0246,0.0247,0.0250,0.0250,0.0253,0.0249,0.0246,0.0242,0.0250,0.0267,0.0280,0.0281,0.0272
Kosovo,n/a,n/a,n/a,n/a,n/a,n/a,n/a,n/a,n/a,n/a,n/a,n/a,n/a,n/a,n/a,n/a,n/a,n/a,n/a,n/a,n/a,n/a,n/a,n/a,n/a,n/a,n/a,n/a,n/a,n/a,n/a,n/a,n/a,n/a,n/a,n/a,n/a,n/a,n/a,n/a,n/a,n/a,n/a,n/a,n/a,n/a,n/a,n/a,n/a,n/a,n/a,n/a,n/a,n/a,n/a,n/a,n/a,n/a,n/a,0.0002,0.0048,0.0072,0.0080,0.0070,0.0072,0.0076,0.0079,0.0078,0.0080,0.0080,0.0083,0.0102,0.0085,0.0113
Kuwait,n/a,n/a,n/a,n/a,n/a,n/a,n/a,n/a,n/a,n/a,n/a,n/a,n/a,n/a,n/a,n/a,n/a,n/a,n/a,n/a,n/a,0.0239,0.0189,0.0204,0.0252,0.0328,n/a,n/a,0.0529,0.0476,0.0355,0.0331,0.0413,0.0595,0.0683,0.0675,0.0643,0.0724,0.0598,0.0824,0.0854,0.4852,1.1735,0.3179,0.1244,0.1326,0.1358,0.1029,0.0809,0.0880,0.0759,0.0715,0.0770,0.0740,0.0654,0.0580,0.0434,0.0354,0.0359,0.0301,0.0397,0.0376,0.0350,0.0341,0.0327,0.0359,0.0501,0.0589,0.0561,0.0519,0.0542,0.0657,0.0659,0.0453
Kyrgyz Republic,n/a,n/a,n/a,n/a,n/a,n/a,n/a,n/a,n/a,n/a,n/a,n/a,n/a,n/a,n/a,n/a,n/a,n/a,n/a,n/a,n/a,n/a,n/a,n/a,n/a,n/a,n/a,n/a,n/a,n/a,n/a,n/a,n/a,n/a,n/a,n/a,n/a,n/a,n/a,n/a,n/a,n/a,n/a,0.0085,0.0083,0.0109,0.0179,0.0155,0.0176,0.0159,0.0185,0.0188,0.0145,0.0162,0.0170,0.0168,0.0161,0.0167,0.0134,0.0119,0.0143,0.0161,0.0139,0.0163,0.0162,0.0171,0.0175,0.0170,0.0158,0.0154,0.0145,0.0168,0.0156,0.0148
Laos,n/a,n/a,n/a,n/a,n/a,n/a,n/a,n/a,n/a,n/a,n/a,n/a,n/a,n/a,n/a,n/a,n/a,n/a,n/a,n/a,n/a,n/a,n/a,n/a,n/a,n/a,n/a,n/a,n/a,n/a,n/a,n/a,n/a,n/a,n/a,n/a,n/a,n/a,n/a,n/a,n/a,n/a,n/a,0.0868,0.0811,0.0752,0.0583,0.0419,0.0384,0.0259,0.0106,0.0079,0.0072,0.0058,0.0049,0.0043,0.0039,0.0034,0.0031,0.0027,0.0022,0.0020,0.0021,0.0020,0.0019,n/a,n/a,n/a,n/a,n/a,n/a,n/a,n/a,n/a
Latvia,n/a,n/a,n/a,n/a,n/a,n/a,n/a,n/a,n/a,n/a,n/a,n/a,n/a,n/a,n/a,n/a,n/a,n/a,n/a,n/a,n/a,n/a,n/a,n/a,n/a,n/a,n/a,n/a,n/a,n/a,n/a,n/a,n/a,n/a,n/a,n/a,n/a,n/a,n/a,n/a,n/a,n/a,n/a,0.0065,0.0074,0.0084,0.0081,0.0064,0.0058,0.0059,0.0075,0.0088,0.0104,0.0154,0.0161,0.0160,0.0161,0.0171,0.0155,0.0162,0.0138,0.0108,0.0107,0.0091,0.0094,0.0094,0.0104,0.0145,0.0159,0.0206,0.0201,0.0215,0.0207,0.0205
Lebanon,n/a,n/a,n/a,n/a,n/a,n/a,n/a,n/a,n/a,n/a,n/a,n/a,n/a,n/a,n/a,0.0366,0.0389,0.0416,0.0484,0.0484,0.0464,0.0434,0.0400,0.0509,0.0382,n/a,n/a,0.1212,0.0473,0.0849,0.1007,0.1236,0.0958,0.0929,0.1346,0.1097,0.0629,0.0526,0.0112,0.0119,n/a,0.0755,0.0515,0.0798,0.0601,0.0700,0.0671,0.0566,0.0431,0.0402,0.0477,0.0539,0.0545,0.0475,0.0468,0.0451,0.0448,0.0458,0.0463,0.0400,0.0402,0.0413,0.0406,0.0399,0.0417,0.0468,0.0449,0.0506,0.0451,0.0485,0.0424,0.0303,0.0337,n/a
Lesotho,n/a,n/a,n/a,n/a,n/a,n/a,n/a,n/a,n/a,n/a,n/a,n/a,n/a,n/a,n/a,n/a,n/a,n/a,n/a,n/a,n/a,n/a,n/a,n/a,n/a,n/a,n/a,0.0155,0.0144,0.0151,0.0185,0.0316,0.0331,0.0436,0.0401,0.0398,0.0431,0.0484,0.0418,0.0337,0.0431,0.0355,0.0289,0.0271,0.0248,0.0274,0.0324,0.0282,0.0271,0.0285,0.0356,0.0328,0.0274,0.0252,0.0237,0.0213,0.0205,0.0207,0.0237,0.0155,0.0272,0.0316,0.0226,0.0215,0.0203,0.0195,0.0187,0.0196,0.0227,0.0200,0.0184,0.0182,0.0156,0.0147
Liberia,n/a,n/a,n/a,n/a,n/a,n/a,n/a,n/a,n/a,n/a,n/a,n/a,n/a,n/a,n/a,n/a,0.0118,0.0115,0.0117,0.0110,0.0099,0.0110,0.0119,0.0110,0.0097,0.0093,0.0095,0.0107,0.0115,0.0124,0.0115,0.0149,0.0311,0.0502,0.0471,0.0294,0.0295,0.0290,0.0229,0.0241,n/a,n/a,0.0718,0.1013,0.1898,0.2973,n/a,n/a,n/a,n/a,n/a,n/a,n/a,n/a,n/a,0.0063,0.0086,0.0048,0.0031,0.0050,0.0065,0.0082,0.0106,0.0118,0.0108,0.0103,0.0105,0.0106,0.0094,0.0094,0.0094,0.0097,0.0100,0.0127
Libya,n/a,n/a,n/a,n/a,n/a,n/a,n/a,n/a,n/a,n/a,n/a,0.0159,0.0186,0.0310,0.0241,0.0184,0.0186,0.0291,0.0336,0.0286,0.0376,0.0607,0.0532,0.0371,0.0398,0.0329,0.0225,0.0197,0.0246,0.0380,0.0322,0.0292,0.0176,0.0224,n/a,n/a,n/a,n/a,n/a,n/a,n/a,n/a,n/a,n/a,n/a,n/a,n/a,n/a,0.0408,0.0530,0.0378,0.0315,0.0241,0.0207,0.0207,0.0207,0.0153,0.0112,0.0095,0.0149,n/a,n/a,n/a,0.0375,0.0764,0.1548,n/a,n/a,n/a,n/a,n/a,n/a,n/a,n/a
Lithuania,n/a,n/a,n/a,n/a,n/a,n/a,n/a,n/a,n/a,n/a,n/a,n/a,n/a,n/a,n/a,n/a,n/a,n/a,n/a,n/a,n/a,n/a,n/a,n/a,n/a,n/a,n/a,n/a,n/a,n/a,n/a,n/a,n/a,n/a,n/a,n/a,n/a,n/a,n/a,n/a,n/a,n/a,n/a,n/a,0.0081,0.0049,0.0045,0.0050,0.0075,0.0123,0.0097,0.0122,0.0136,0.0127,0.0112,0.0120,0.0116,0.0117,0.0111,0.0113,0.0108,0.0088,0.0079,0.0077,0.0076,0.0088,0.0114,0.0148,0.0171,0.0197,0.0200,0.0207,0.0197,0.0252
Luxembourg,n/a,0.0121,0.0141,0.0214,0.0261,0.0294,0.0292,0.0171,0.0176,0.0174,0.0159,0.0091,0.0100,0.0116,0.0107,0.0125,0.0122,0.0121,0.0100,0.0083,0.0074,0.0068,0.0071,0.0074,0.0071,0.0069,0.0087,0.0089,0.0091,0.0093,0.0092,0.0104,0.0109,0.0108,0.0109,0.0104,0.0087,0.0083,0.0092,0.0095,0.0079,0.0079,0.0081,0.0083,0.0071,0.0074,0.0060,0.0059,0.0061,0.0064,0.0057,0.0054,0.0068,0.0059,0.0061,0.0061,0.0058,0.0052,0.0050,0.0036,0.0037,0.0044,0.0038,0.0036,0.0036,0.0037,0.0042,0.0038,0.0050,0.0050,0.0055,0.0058,0.0047,0.0070
Madagascar,n/a,n/a,n/a,n/a,n/a,n/a,n/a,n/a,n/a,n/a,n/a,n/a,0.0150,0.0154,0.0146,0.0146,0.0159,0.0154,0.0155,0.0155,0.0151,0.0135,0.0132,0.0149,0.0152,0.0167,0.0164,0.0188,0.0231,0.0242,0.0293,0.0277,0.0298,n/a,n/a,0.0187,0.0178,0.0155,0.0143,0.0135,0.0121,0.0123,0.0130,0.0077,0.0112,0.0093,0.0086,0.0124,0.0148,0.0135,0.0121,0.0122,0.0144,0.0131,0.0132,0.0125,0.0107,0.0098,0.0096,0.0096,0.0074,0.0057,0.0062,0.0059,0.0058,0.0056,0.0052,0.0050,0.0051,0.0053,0.0055,0.0067,0.0069,0.0065
Malawi,n/a,n/a,n/a,n/a,n/a,n/a,n/a,n/a,n/a,n/a,n/a,n/a,n/a,n/a,n/a,n/a,0.0070,0.0065,0.0072,0.0070,0.0067,0.0064,0.0058,0.0060,0.0106,0.0097,0.0153,0.0137,0.0169,0.0269,0.0407,0.0429,0.0311,0.0229,0.0182,0.0156,0.0175,0.0210,0.0183,0.0151,0.0150,0.0131,0.0108,0.0140,0.0126,0.0142,0.0079,0.0088,0.0099,0.0081,0.0081,0.0067,0.0074,0.0042,0.0041,0.0063,0.0105,0.0078,0.0076,0.0084,0.0095,0.0072,0.0066,0.0077,0.0081,0.0058,0.0045,0.0045,0.0053,0.0059,0.0076,0.0083,0.0076,0.0064
Malaysia,n/a,n/a,n/a,n/a,n/a,n/a,n/a,n/a,0.0375,0.0406,0.0308,0.0268,0.0223,0.0219,0.0242,0.0316,0.0401,0.0473,0.0450,0.0445,0.0392,0.0517,0.0537,0.0498,0.0387,0.0418,0.0472,0.0398,0.0485,0.0371,0.0367,0.0423,0.0579,0.0537,0.0442,0.0375,0.0345,0.0322,0.0415,0.0243,0.0262,0.0256,0.0320,0.0299,0.0288,0.0285,0.0275,0.0240,0.0209,0.0161,0.0210,0.0163,0.0208,0.0222,0.0261,0.0226,0.0217,0.0201,0.0196,0.0182,0.0187,0.0149,0.0155,0.0141,0.0150,0.0146,0.0150,0.0138,0.0110,0.0096,0.0089,0.0100,0.0099,0.0096
Mali,n/a,n/a,n/a,n/a,n/a,n/a,n/a,n/a,n/a,n/a,n/a,n/a,0.0270,0.0289,0.0265,0.0287,0.0252,0.0241,0.0240,0.0199,0.0218,0.0223,0.0192,0.0238,0.0266,0.0287,0.0317,0.0291,0.0313,0.0321,0.0297,0.0208,0.0196,0.0211,0.0198,0.0197,0.0214,0.0203,0.0212,0.0221,0.0211,0.0196,n/a,n/a,0.0156,0.0144,0.0150,0.0143,0.0150,0.0140,0.0149,0.0148,0.0130,0.0127,0.0142,0.0142,0.0138,0.0139,0.0136,0.0147,0.0142,0.0137,0.0124,0.0120,0.0116,0.0152,0.0236,0.0259,0.0303,0.0282,0.0275,0.0343,0.0344,0.0283
Malta,n/a,n/a,n/a,n/a,n/a,n/a,n/a,n/a,n/a,n/a,n/a,n/a,n/a,n/a,n/a,n/a,n/a,n/a,n/a,n/a,n/a,n/a,n/a,n/a,n/a,n/a,n/a,n/a,n/a,n/a,n/a,n/a,n/a,n/a,n/a,n/a,0.0128,0.0127,0.0146,0.0122,0.0111,0.0091,0.0087,0.0097,0.0100,0.0102,0.0084,0.0087,0.0082,0.0073,0.0068,0.0063,0.0067,0.0064,0.0063,0.0067,0.0082,0.0065,0.0062,0.0062,0.0068,0.0065,0.0058,0.0053,0.0051,0.0049,0.0047,0.0051,0.0048,0.0044,0.0051,0.0058,0.0050,0.0050
Mauritania,n/a,n/a,n/a,n/a,n/a,n/a,n/a,n/a,n/a,n/a,n/a,n/a,n/a,n/a,n/a,n/a,n/a,n/a,n/a,n/a,n/a,n/a,n/a,n/a,n/a,n/a,n/a,n/a,n/a,n/a,n/a,n/a,n/a,n/a,n/a,n/a,0.0595,0.0504,0.0467,0.0449,0.0396,0.0383,0.0360,0.0269,0.0241,0.0224,0.0226,0.0263,0.0297,0.0186,0.0227,0.0293,0.0400,0.0274,0.0400,0.0384,0.0305,0.0269,n/a,0.0306,0.0314,n/a,n/a,0.0211,0.0200,0.0220,0.0216,0.0215,0.0212,0.0213,0.0200,0.0239,0.0229,0.0227
Mauritius,n/a,n/a,n/a,n/a,n/a,n/a,n/a,n/a,n/a,n/a,n/a,n/a,n/a,n/a,n/a,n/a,n/a,n/a,n/a,0.0016,0.0018,0.0022,0.0022,0.0020,0.0019,0.0014,0.0019,0.0019,0.0017,0.0017,0.0020,0.0049,0.0047,0.0026,0.0027,0.0025,0.0022,0.0020,0.0019,0.0022,0.0029,0.0035,0.0037,0.0035,0.0033,0.0033,0.0033,0.0029,0.0023,0.0020,0.0021,0.0020,0.0019,0.0020,0.0019,0.0017,0.0016,0.0015,0.0014,0.0016,0.0017,0.0015,0.0015,0.0014,0.0019,0.0015,0.0014,0.0017,0.0017,0.0016,0.0015,0.0016,0.0017,0.0017
Mexico,0.0088,0.0086,0.0076,0.0072,0.0081,0.0088,0.0079,0.0074,0.0073,0.0069,0.0064,0.0067,0.0065,0.0069,0.0072,0.0068,0.0059,0.0058,0.0055,0.0055,0.0060,0.0050,0.0049,0.0054,0.0054,0.0057,0.0057,0.0060,0.0053,0.0050,0.0051,0.0042,0.0051,0.0050,0.0052,0.0066,0.0068,0.0063,0.0058,0.0054,0.0052,0.0043,0.0044,0.0047,0.0044,0.0052,0.0045,0.0048,0.0046,0.0045,0.0046,0.0045,0.0044,0.0042,0.0041,0.0036,0.0036,0.0031,0.0040,0.0039,0.0050,0.0045,0.0047,0.0048,0.0051,0.0051,0.0047,0.0050,0.0044,0.0048,0.0052,0.0074,0.0068,0.0061
Moldova,n/a,n/a,n/a,n/a,n/a,n/a,n/a,n/a,n/a,n/a,n/a,n/a,n/a,n/a,n/a,n/a,n/a,n/a,n/a,n/a,n/a,n/a,n/a,n/a,n/a,n/a,n/a,n/a,n/a,n/a,n/a,n/a,n/a,n/a,n/a,n/a,n/a,n/a,n/a,n/a,n/a,n/a,n/a,n/a,0.0053,0.0077,0.0093,0.0091,0.0090,0.0062,0.0051,0.0039,0.0040,0.0042,0.0042,0.0036,0.0040,0.0048,0.0052,0.0061,0.0046,0.0026,0.0027,0.0027,0.0028,0.0029,0.0030,0.0034,0.0032,0.0033,0.0036,0.0037,0.0037,0.0032
Mongolia,n/a,n/a,n/a,n/a,n/a,n/a,n/a,n/a,n/a,n/a,n/a,n/a,n/a,n/a,n/a,n/a,n/a,n/a,n/a,n/a,n/a,n/a,n/a,n/a,n/a,n/a,n/a,n/a,n/a,n/a,n/a,n/a,n/a,n/a,n/a,n/a,n/a,n/a,0.0583,0.0634,0.0625,0.0428,0.0323,0.0191,0.0171,0.0165,0.0162,0.0178,0.0164,0.0191,0.0184,0.0202,0.0178,0.0180,0.0151,0.0138,0.0102,0.0096,0.0105,0.0082,0.0063,0.0076,0.0084,0.0092,0.0082,0.0086,0.0088,0.0086,0.0076,0.0073,0.0069,0.0078,0.0063,0.0060
Montenegro,n/a,n/a,n/a,n/a,n/a,n/a,n/a,n/a,n/a,n/a,n/a,n/a,n/a,n/a,n/a,n/a,n/a,n/a,n/a,n/a,n/a,n/a,n/a,n/a,n/a,n/a,n/a,n/a,n/a,n/a,n/a,n/a,n/a,n/a,n/a,n/a,n/a,n/a,n/a,n/a,n/a,n/a,n/a,n/a,n/a,n/a,n/a,n/a,n/a,n/a,n/a,n/a,n/a,n/a,n/a,n/a,0.0269,0.0229,0.0174,0.0187,0.0184,0.0181,0.0175,0.0166,0.0145,0.0147,0.0140,0.0141,0.0136,0.0137,0.0133,0.0174,0.0156,0.0161
Morocco,n/a,n/a,n/a,n/a,n/a,n/a,n/a,0.0118,0.0176,0.0214,0.0247,0.0232,0.0270,0.0257,0.0320,0.0284,0.0243,0.0268,0.0262,0.0300,0.0239,0.0232,0.0263,0.0284,0.0306,0.0315,0.0460,0.0622,0.0662,0.0584,0.0563,0.0594,0.0638,0.0622,0.0451,0.0402,0.0539,0.0430,0.0437,0.0413,0.0439,0.0415,0.0414,0.0430,0.0466,0.0449,0.0435,0.0395,0.0419,0.0346,0.0290,0.0221,0.0373,0.0349,0.0349,0.0325,0.0326,0.0311,0.0305,0.0318,0.0329,0.0339,0.0330,0.0346,0.0381,0.0368,0.0323,0.0322,0.0318,0.0313,0.0308,0.0421,0.0394,0.0390
Mozambique,n/a,n/a,n/a,n/a,n/a,n/a,n/a,n/a,n/a,n/a,n/a,n/a,n/a,n/a,n/a,n/a,n/a,n/a,n/a,n/a,n/a,n/a,n/a,n/a,n/a,n/a,n/a,n/a,n/a,n/a,n/a,0.0383,0.0428,0.0492,0.0623,0.0707,0.0577,0.0566,0.0618,0.0531,0.0594,0.0586,0.0261,0.0297,0.0287,0.0330,0.0146,0.0111,0.0110,0.0114,0.0125,0.0128,0.0124,0.0127,0.0128,0.0136,0.0095,0.0081,0.0067,0.0066,0.0071,0.0089,0.0083,0.0085,0.0093,0.0098,0.0084,0.0093,0.0099,0.0134,0.0142,0.0202,0.0189,0.0151
Myanmar,n/a,n/a,n/a,n/a,n/a,n/a,n/a,n/a,n/a,n/a,n/a,n/a,0.0612,0.0569,0.0685,0.0602,0.0670,0.0613,0.0520,0.0502,0.0531,0.0560,0.0565,0.0545,0.0511,0.0402,0.0377,0.0379,0.0404,0.0392,0.0356,0.0342,0.0346,0.0322,0.0307,0.0292,0.0298,0.0288,0.0197,0.0214,0.0296,0.0340,0.0317,0.0335,0.0352,0.0354,0.0368,0.0349,0.0231,0.0201,0.0173,0.0200,0.0156,0.0113,0.0167,0.0166,0.0135,n/a,n/a,n/a,n/a,n/a,n/a,0.0385,0.0400,0.0379,0.0430,0.0409,0.0364,0.0236,0.0219,0.0299,0.0339,0.0305
Namibia,n/a,n/a,n/a,n/a,n/a,n/a,n/a,n/a,n/a,n/a,n/a,n/a,n/a,n/a,n/a,n/a,n/a,n/a,n/a,n/a,n/a,n/a,n/a,n/a,n/a,n/a,n/a,n/a,n/a,n/a,n/a,n/a,n/a,n/a,n/a,n/a,n/a,n/a,n/a,n/a,n/a,0.0642,0.0562,0.0425,0.0246,0.0175,0.0195,0.0190,0.0230,0.0232,0.0312,0.0271,0.0301,0.0262,0.0262,0.0253,0.0265,0.0250,0.0261,0.0314,0.0337,0.0351,0.0357,0.0317,0.0321,0.0433,0.0453,0.0397,0.0352,0.0333,0.0330,0.0348,0.0325,0.0300
Nepal,n/a,n/a,n/a,n/a,n/a,n/a,n/a,n/a,n/a,n/a,n/a,n/a,n/a,n/a,n/a,n/a,n/a,n/a,n/a,n/a,n/a,0.0059,0.0062,0.0065,0.0066,0.0061,0.0068,0.0086,0.0089,0.0086,0.0091,0.0103,0.0099,0.0109,0.0125,0.0122,0.0120,0.0118,0.0116,0.0108,0.0111,0.0108,0.0110,0.0107,0.0105,0.0097,0.0094,0.0090,0.0088,0.0093,0.0095,0.0096,0.0110,0.0145,0.0159,0.0179,0.0193,0.0175,0.0155,0.0160,0.0144,0.0137,0.0135,0.0124,0.0134,0.0143,0.0137,0.0147,0.0148,0.0135,0.0124,0.0132,0.0123,0.0114
Netherlands,n/a,n/a,n/a,n/a,n/a,n/a,n/a,0.0579,0.0532,0.0472,0.0402,0.0370,0.0409,0.0412,0.0401,0.0393,0.0357,0.0337,0.0352,0.0326,0.0323,0.0287,0.0284,0.0282,0.0270,0.0265,0.0284,0.0269,0.0295,0.0275,0.0284,0.0278,0.0286,0.0314,0.0285,0.0286,0.0277,0.0273,0.0271,0.0261,0.0252,0.0237,0.0225,0.0221,0.0203,0.0191,0.0179,0.0176,0.0166,0.0158,0.0159,0.0143,0.0144,0.0143,0.0144,0.0143,0.0140,0.0139,0.0135,0.0131,0.0140,0.0133,0.0129,0.0124,0.0117,0.0116,0.0113,0.0116,0.0116,0.0122,0.0132,0.0144,0.0138,0.0158
New Zealand,n/a,n/a,n/a,n/a,n/a,n/a,n/a,0.0311,0.0286,0.0283,0.0282,0.0269,0.0249,0.0231,0.0220,0.0247,0.0236,0.0264,0.0262,0.0273,0.0257,0.0263,0.0232,0.0218,0.0197,0.0207,0.0208,0.0194,0.0212,0.0221,0.0216,0.0302,0.0273,0.0258,0.0244,0.0238,0.0236,0.0237,0.0241,0.0208,0.0215,0.0233,0.0226,0.0207,0.0190,0.0183,0.0182,0.0178,0.0170,0.0170,0.0162,0.0167,0.0158,0.0145,0.0139,0.0125,0.0114,0.0124,0.0118,0.0115,0.0122,0.0121,0.0116,0.0112,0.0104,0.0100,0.0099,0.0104,0.0105,0.0111,0.0129,0.0134,0.0117,0.0118
Nicaragua,n/a,n/a,n/a,n/a,n/a,n/a,n/a,n/a,n/a,n/a,n/a,n/a,n/a,n/a,n/a,n/a,n/a,n/a,n/a,0.0146,0.0138,0.0158,0.0151,0.0187,0.0142,0.0145,0.0175,0.0207,0.0247,0.0322,0.0310,0.0335,0.0434,n/a,n/a,n/a,n/a,n/a,n/a,n/a,n/a,n/a,0.0400,0.0263,0.0210,0.0119,0.0110,0.0095,0.0089,0.0074,0.0072,0.0078,0.0068,0.0087,0.0086,0.0073,0.0070,0.0055,0.0053,0.0050,0.0050,0.0051,0.0053,0.0067,0.0068,0.0069,0.0078,0.0064,0.0063,0.0063,0.0061,0.0063,0.0054,0.0053
Niger,n/a,n/a,n/a,n/a,n/a,n/a,n/a,n/a,n/a,n/a,n/a,n/a,n/a,n/a,n/a,n/a,n/a,n/a,n/a,n/a,n/a,n/a,n/a,n/a,n/a,n/a,0.0087,0.0082,0.0094,0.0093,0.0084,0.0067,0.0063,0.0063,0.0069,0.0073,0.0074,0.0077,0.0064,n/a,n/a,n/a,n/a,n/a,n/a,0.0123,0.0097,0.0086,0.0093,0.0106,0.0117,0.0116,0.0132,0.0096,0.0093,0.0109,0.0072,n/a,n/a,0.0074,0.0074,0.0088,0.0098,0.0162,0.0105,0.0134,n/a,0.0160,0.0181,0.0179,0.0192,0.0173,0.0135,0.0166
Nigeria,n/a,n/a,n/a,n/a,n/a,n/a,n/a,n/a,n/a,n/a,n/a,0.0070,0.0085,0.0110,0.0110,0.0123,0.0140,0.0110,0.0581,0.0916,0.1032,0.0528,0.0439,0.0539,0.0548,0.0434,0.0812,0.0579,0.0602,0.0533,0.0432,0.0330,0.0277,0.0227,0.0222,0.0156,0.0144,0.0131,0.0077,0.0088,0.0058,0.0083,0.0077,0.0056,0.0093,0.0078,0.0048,0.0041,0.0044,0.0055,0.0086,0.0054,0.0078,0.0095,0.0057,0.0049,0.0040,0.0035,0.0037,0.0049,0.0051,0.0054,0.0058,0.0050,0.0047,0.0041,0.0042,0.0043,0.0043,0.0051,0.0046,0.0063,0.0101,0.0064
North Macedonia,n/a,n/a,n/a,n/a,n/a,n/a,n/a,n/a,n/a,n/a,n/a,n/a,n/a,n/a,n/a,n/a,n/a,n/a,n/a,n/a,n/a,n/a,n/a,n/a,n/a,n/a,n/a,n/a,n/a,n/a,n/a,n/a,n/a,n/a,n/a,n/a,n/a,n/a,n/a,n/a,n/a,n/a,n/a,0.0435,n/a,n/a,n/a,0.0281,0.0213,0.0210,0.0171,0.0185,0.0610,0.0265,0.0234,0.0238,0.0203,0.0184,0.0195,0.0174,0.0169,0.0138,0.0126,0.0123,0.0117,0.0109,0.0099,0.0097,0.0090,0.0094,0.0116,0.0127,0.0147,0.0161
Norway,0.0271,0.0237,0.0305,0.0401,0.0508,0.0500,0.0393,0.0352,0.0359,0.0351,0.0358,0.0320,0.0300,0.0324,0.0321,0.0312,0.0340,0.0357,0.0351,0.0361,0.0360,0.0347,0.0339,0.0329,0.0313,0.0304,0.0321,0.0312,0.0310,0.0284,0.0277,0.0262,0.0262,0.0274,0.0279,0.0254,0.0280,0.0281,0.0298,0.0289,0.0291,0.0289,0.0275,0.0296,0.0269,0.0273,0.0231,0.0216,0.0202,0.0216,0.0204,0.0171,0.0170,0.0208,0.0197,0.0185,0.0158,0.0144,0.0146,0.0137,0.0160,0.0151,0.0144,0.0139,0.0141,0.0146,0.0150,0.0162,0.0171,0.0172,0.0184,0.0197,0.0172,0.0164
Oman,n/a,n/a,n/a,n/a,n/a,n/a,n/a,n/a,n/a,n/a,n/a,n/a,n/a,n/a,n/a,n/a,n/a,n/a,n/a,n/a,n/a,n/a,0.0965,0.1486,0.1860,0.1553,0.2496,0.2301,0.1878,0.2095,0.1564,0.1491,0.1571,0.1667,0.1716,0.1689,0.1556,0.1587,0.1320,0.1370,0.1250,0.1239,0.1106,0.1218,0.1153,0.1177,0.1097,0.0941,0.0936,0.0822,0.0752,0.0709,0.0820,0.0810,0.0796,0.0786,0.0771,0.0710,0.0672,0.0496,0.0607,0.0565,0.0645,0.1058,0.0975,0.0886,0.0957,0.1056,0.0841,0.0827,0.0744,0.0803,0.0656,0.0517
Pakistan,n/a,n/a,n/a,n/a,0.0632,0.0535,0.0557,0.0503,0.0417,0.0425,0.0434,0.0431,0.0410,0.0366,0.0365,0.0387,0.0590,0.0673,0.0540,0.0510,0.0551,0.0616,0.0674,0.0687,0.0621,0.0609,0.0632,0.0589,0.0555,0.0550,0.0545,0.0552,0.0571,0.0638,0.0664,0.0666,0.0692,0.0699,0.0697,0.0679,0.0653,0.0652,0.0657,0.0670,0.0643,0.0592,0.0582,0.0604,0.0562,0.0542,0.0519,0.0417,0.0388,0.0407,0.0409,0.0396,0.0390,0.0365,0.0351,0.0346,0.0327,0.0342,0.0329,0.0348,0.0348,0.0349,0.0299,0.0295,0.0308,0.0327,0.0329,0.0302,0.0287,0.0263
Panama,n/a,n/a,n/a,n/a,n/a,n/a,n/a,n/a,n/a,n/a,n/a,n/a,n/a,n/a,n/a,n/a,n/a,n/a,n/a,n/a,n/a,n/a,n/a,n/a,n/a,n/a,n/a,n/a,n/a,n/a,n/a,n/a,n/a,n/a,n/a,n/a,n/a,n/a,0.0184,0.0211,0.0208,0.0126,0.0123,0.0108,0.0120,0.0119,0.0112,0.0109,0.0117,0.0095,0.0097,n/a,n/a,n/a,n/a,n/a,n/a,n/a,n/a,n/a,n/a,n/a,n/a,n/a,n/a,n/a,n/a,n/a,n/a,n/a,n/a,n/a,n/a,n/a
Papua New Guinea,n/a,n/a,n/a,n/a,n/a,n/a,n/a,n/a,n/a,n/a,n/a,n/a,n/a,n/a,n/a,n/a,n/a,n/a,n/a,n/a,n/a,n/a,n/a,n/a,n/a,n/a,0.0060,0.0163,0.0125,0.0127,0.0121,0.0140,0.0141,n/a,n/a,n/a,0.0156,0.0156,0.0161,0.0127,0.0150,0.0142,0.0092,0.0089,0.0092,0.0101,0.0078,0.0102,0.0108,0.0088,0.0069,0.0064,0.0055,0.0037,0.0035,0.0039,0.0042,0.0038,0.0041,0.0034,0.0045,0.0033,0.0036,0.0052,0.0049,0.0048,0.0046,0.0038,0.0036,0.0033,0.0036,0.0040,0.0034,0.0033
Paraguay,n/a,n/a,n/a,n/a,n/a,n/a,n/a,n/a,n/a,n/a,n/a,0.0253,0.0228,0.0230,0.0240,0.0240,0.0263,0.0292,0.0303,0.0321,0.0316,0.0332,0.0323,0.0385,0.0342,0.0256,0.0313,0.0299,0.0289,0.0296,0.0203,0.0218,0.0253,0.0380,0.0365,0.0351,0.0376,0.0380,0.0277,0.0320,0.0243,0.0213,0.0283,0.0237,0.0218,0.0205,0.0228,0.0206,0.0169,0.0154,0.0139,0.0124,0.0107,0.0097,0.0083,0.0088,0.0072,0.0079,0.0074,0.0068,0.0075,0.0075,0.0084,0.0096,0.0096,0.0099,0.0107,0.0095,0.0089,0.0096,0.0097,0.0103,0.0093,0.0083
Peru,0.0290,0.0283,0.0292,0.0266,0.0278,0.0269,0.0277,0.0298,0.0292,0.0290,0.0280,0.0251,0.0264,0.0243,0.0332,0.0334,0.0310,0.0284,0.0470,0.0236,0.0239,0.0351,0.0362,0.0363,0.0393,0.0393,0.0522,0.0568,0.0821,0.0620,0.0335,0.0456,0.0398,0.0511,0.0485,0.0336,0.0387,0.0335,0.0341,0.0219,0.0219,0.0268,0.0202,0.0251,0.0275,0.0247,0.0264,0.0250,0.0200,0.0202,0.0193,0.0179,0.0175,0.0154,0.0151,0.0138,0.0158,0.0146,0.0130,0.0125,0.0153,0.0148,0.0137,0.0148,0.0164,0.0160,0.0175,0.0132,0.0127,0.0119,0.0121,0.0131,0.0118,0.0115
Philippines,n/a,n/a,n/a,n/a,n/a,n/a,n/a,n/a,n/a,0.0196,0.0184,0.0178,0.0170,0.0181,0.0186,0.0170,0.0155,0.0165,0.0174,0.0187,0.0209,0.0216,0.0207,0.0234,0.0281,0.0356,n/a,0.0393,0.0362,0.0258,0.0296,0.0271,0.0276,0.0260,0.0241,0.0163,0.0198,0.0199,0.0197,0.0246,0.0224,0.0215,0.0201,0.0204,0.0216,0.0217,0.0229,0.0227,0.0191,0.0170,0.0162,0.0161,0.0147,0.0147,0.0155,0.0136,0.0128,0.0126,0.0129,0.0125,0.0120,0.0117,0.0115,0.0111,0.0119,0.0104,0.0109,0.0105,0.0117,0.0118,0.0113,0.0130,0.0141,0.0100
Poland,n/a,n/a,n/a,n/a,n/a,n/a,n/a,n/a,n/a,n/a,n/a,n/a,n/a,n/a,n/a,n/a,n/a,n/a,n/a,n/a,n/a,n/a,n/a,n/a,n/a,n/a,n/a,n/a,n/a,n/a,n/a,0.0265,0.0291,0.0325,0.0290,0.0306,0.0302,0.0294,0.0276,0.0259,0.0182,0.0261,0.0225,0.0223,0.0247,0.0227,0.0196,0.0197,0.0203,0.0202,0.0190,0.0183,0.0191,0.0190,0.0191,0.0187,0.0193,0.0192,0.0200,0.0175,0.0180,0.0185,0.0180,0.0181,0.0180,0.0192,0.0214,0.0195,0.0190,0.0204,0.0198,0.0223,0.0222,0.0239
Portugal,n/a,0.0234,n/a,n/a,0.0249,0.0258,0.0260,0.0248,0.0247,0.0244,0.0260,0.0256,0.0389,0.0423,0.0396,0.0411,0.0381,0.0385,0.0446,0.0450,0.0414,0.0414,0.0433,0.0406,0.0348,0.0434,0.0310,0.0236,0.0207,0.0209,0.0203,0.0203,0.0200,0.0204,0.0191,0.0186,0.0184,0.0192,0.0186,0.0189,0.0189,0.0184,0.0183,0.0181,0.0179,0.0168,0.0171,0.0160,0.0154,0.0142,0.0143,0.0141,0.0144,0.0146,0.0143,0.0150,0.0159,0.0151,0.0138,0.0142,0.0153,0.0149,0.0149,0.0141,0.0144,0.0131,0.0133,0.0154,0.0124,0.0134,0.0137,0.0143,0.0154,0.0135
Qatar,n/a,n/a,n/a,n/a,n/a,n/a,n/a,n/a,n/a,n/a,n/a,n/a,n/a,n/a,n/a,n/a,n/a,n/a,n/a,n/a,n/a,n/a,n/a,n/a,n/a,n/a,n/a,n/a,n/a,n/a,n/a,0.0787,0.1222,0.1928,0.1396,0.1273,0.2485,n/a,0.1589,0.1627,0.1308,0.1074,0.1301,n/a,n/a,n/a,n/a,n/a,n/a,n/a,n/a,n/a,n/a,0.0393,0.0333,0.0243,0.0199,0.0175,0.0196,0.0201,0.0199,0.0147,n/a,n/a,n/a,n/a,n/a,n/a,n/a,n/a,n/a,n/a,0.0645,0.0696
Romania,n/a,n/a,n/a,n/a,n/a,n/a,n/a,n/a,n/a,n/a,n/a,n/a,n/a,n/a,n/a,n/a,n/a,n/a,n/a,n/a,n/a,n/a,n/a,n/a,n/a,n/a,n/a,n/a,n/a,n/a,n/a,0.0220,0.0220,0.0204,0.0199,0.0191,0.0430,0.0445,0.0391,0.0421,0.0480,0.0455,0.0477,0.0425,0.0274,0.0311,0.0261,0.0237,0.0302,0.0300,0.0264,0.0250,0.0242,0.0229,0.0209,0.0201,0.0201,0.0185,0.0149,0.0140,0.0128,0.0123,0.0124,0.0117,0.0129,0.0135,0.0145,0.0143,0.0173,0.0179,0.0184,0.0201,0.0186,0.0173
Russia,n/a,n/a,n/a,n/a,n/a,n/a,n/a,n/a,n/a,n/a,n/a,n/a,n/a,n/a,n/a,n/a,n/a,n/a,n/a,n/a,n/a,n/a,n/a,n/a,n/a,n/a,n/a,n/a,n/a,n/a,n/a,n/a,n/a,n/a,n/a,n/a,n/a,n/a,n/a,n/a,n/a,n/a,n/a,0.0443,0.0418,0.0452,0.0378,0.0376,0.0404,0.0273,0.0307,0.0331,0.0355,0.0376,0.0367,0.0330,0.0333,0.0325,0.0312,0.0315,0.0392,0.0359,0.0343,0.0369,0.0385,0.0411,0.0487,0.0543,0.0425,0.0372,0.0386,0.0417,0.0372,0.0406
Rwanda,n/a,n/a,n/a,n/a,n/a,n/a,n/a,n/a,n/a,n/a,n/a,n/a,n/a,n/a,n/a,n/a,n/a,n/a,n/a,n/a,n/a,n/a,n/a,n/a,0.0188,0.0147,0.0163,0.0161,0.0215,0.0159,0.0175,0.0188,0.0204,0.0200,0.0190,0.0160,0.0159,0.0180,0.0168,0.0159,0.0175,0.0373,0.0551,0.0429,0.0454,0.0344,0.0061,0.0533,0.0417,0.0438,0.0445,0.0354,0.0340,0.0305,0.0245,0.0197,0.0174,0.0164,0.0137,0.0131,0.0133,0.0122,0.0109,0.0104,0.0105,0.0110,0.0121,0.0124,0.0125,0.0123,0.0120,0.0147,0.0151,0.0145
Saudi Arabia,n/a,n/a,n/a,n/a,n/a,n/a,n/a,n/a,n/a,n/a,n/a,n/a,n/a,n/a,0.0590,0.0597,0.0769,0.1132,0.1151,0.0809,0.0957,0.0940,0.0864,0.1008,0.1084,n/a,n/a,n/a,0.1565,0.1674,0.1577,0.1261,0.1327,0.1772,0.1697,0.1900,0.1700,n/a,0.1690,0.1515,0.1339,0.1402,0.1247,0.1128,0.1247,0.1064,0.0928,0.0847,0.1100,0.1431,0.1138,0.1053,0.1142,0.0976,0.0869,0.0808,0.0773,0.0785,0.0853,0.0735,0.0962,0.0857,0.0723,0.0768,0.0898,0.1068,0.1333,0.0987,0.1022,0.0914,0.0813,0.0918,0.0758,0.0742
Senegal,n/a,n/a,n/a,n/a,n/a,n/a,n/a,n/a,n/a,n/a,n/a,n/a,n/a,n/a,n/a,n/a,n/a,n/a,n/a,n/a,n/a,n/a,n/a,n/a,n/a,n/a,n/a,n/a,n/a,n/a,0.0343,0.0276,0.0273,0.0235,0.0255,0.0241,0.0219,0.0204,0.0198,0.0211,0.0203,0.0163,0.0155,0.0144,0.0167,0.0135,0.0131,0.0124,0.0120,0.0118,0.0120,0.0105,0.0112,0.0110,0.0112,0.0106,0.0113,0.0127,0.0138,0.0129,0.0134,0.0122,0.0129,0.0111,0.0125,0.0121,0.0121,0.0160,0.0147,0.0167,0.0153,0.0140,0.0174,0.0157
Serbia,n/a,n/a,n/a,n/a,n/a,n/a,n/a,n/a,n/a,n/a,n/a,n/a,n/a,n/a,n/a,n/a,n/a,n/a,n/a,n/a,n/a,n/a,n/a,n/a,n/a,n/a,n/a,n/a,n/a,n/a,n/a,n/a,n/a,n/a,n/a,n/a,n/a,n/a,n/a,n/a,n/a,n/a,n/a,n/a,n/a,n/a,n/a,0.0351,0.0379,0.0351,0.0401,0.0515,0.0403,0.0421,0.0345,0.0297,0.0227,0.0217,0.0225,0.0213,0.0216,0.0209,0.0200,0.0197,0.0190,0.0194,0.0183,0.0175,0.0184,0.0161,0.0221,0.0210,0.0201,0.0228
Seychelles,n/a,n/a,n/a,n/a,n/a,n/a,n/a,n/a,n/a,n/a,n/a,n/a,n/a,n/a,n/a,n/a,n/a,n/a,n/a,n/a,n/a,n/a,n/a,n/a,n/a,n/a,n/a,n/a,n/a,n/a,n/a,n/a,n/a,n/a,n/a,n/a,0.0429,0.0467,0.0454,0.0428,0.0428,0.0403,0.0442,0.0473,0.0276,0.0244,0.0228,0.0210,0.0202,0.0173,0.0178,0.0168,0.0178,0.0168,0.0173,0.0190,0.0160,0.0141,0.0147,0.0115,0.0102,0.0074,0.0086,0.0094,0.0104,0.0223,0.0128,0.0147,0.0141,0.0131,0.0129,0.0157,0.0278,0.0138
Sierra Leone,n/a,n/a,n/a,n/a,n/a,n/a,n/a,n/a,n/a,n/a,n/a,n/a,0.0073,0.0071,0.0076,0.0078,0.0072,0.0069,0.0080,0.0080,0.0087,0.0093,0.0090,0.0095,0.0104,0.0121,0.0103,0.0109,0.0109,0.0100,0.0111,0.0145,0.0142,0.0109,0.0103,0.0091,0.0073,0.0147,0.0069,0.0085,0.0154,0.0131,0.0204,0.0269,0.0208,0.0199,0.0197,0.0135,0.0076,0.0102,0.0174,0.0251,0.0274,0.0216,0.0205,0.0158,0.0143,0.0149,0.0135,0.0094,0.0108,0.0097,0.0087,0.0078,0.0064,0.0097,0.0092,0.0112,0.0109,0.0075,0.0067,0.0055,0.0061,0.0060
Singapore,n/a,n/a,n/a,n/a,n/a,n/a,n/a,n/a,n/a,n/a,n/a,n/a,n/a,n/a,n/a,n/a,n/a,n/a,n/a,n/a,n/a,0.0540,0.0564,0.0509,0.0470,0.0429,0.0465,0.0504,0.0568,0.0520,0.0465,0.0464,0.0474,0.0465,0.0407,0.0470,0.0566,0.0544,0.0487,0.0455,0.0449,0.0463,0.0445,0.0447,0.0409,0.0379,0.0418,0.0425,0.0445,0.0521,0.0521,0.0452,0.0483,0.0492,0.0487,0.0442,0.0428,0.0392,0.0360,0.0385,0.0388,0.0338,0.0319,0.0311,0.0304,0.0305,0.0305,0.0310,0.0297,0.0281,0.0277,0.0284,0.0278,0.0277
Slovakia,n/a,n/a,n/a,n/a,n/a,n/a,n/a,n/a,n/a,n/a,n/a,n/a,n/a,n/a,n/a,n/a,n/a,n/a,n/a,n/a,n/a,n/a,n/a,n/a,n/a,n/a,n/a,n/a,n/a,n/a,n/a,n/a,n/a,n/a,n/a,n/a,n/a,n/a,n/a,n/a,n/a,n/a,n/a,n/a,0.0200,0.0194,0.0315,0.0297,0.0228,0.0174,0.0157,0.0166,0.0184,0.0178,0.0184,0.0165,0.0168,0.0159,0.0148,0.0146,0.0152,0.0125,0.0107,0.0108,0.0098,0.0098,0.0111,0.0112,0.0110,0.0122,0.0170,0.0192,0.0177,0.0176
Slovenia,n/a,n/a,n/a,n/a,n/a,n/a,n/a,n/a,n/a,n/a,n/a,n/a,n/a,n/a,n/a,n/a,n/a,n/a,n/a,n/a,n/a,n/a,n/a,n/a,n/a,n/a,n/a,n/a,n/a,n/a,n/a,n/a,n/a,n/a,n/a,n/a,n/a,n/a,n/a,n/a,n/a,n/a,n/a,0.0225,0.0182,0.0165,0.0157,0.0154,0.0140,0.0136,0.0121,0.0109,0.0130,0.0139,0.0140,0.0143,0.0142,0.0154,0.0144,0.0149,0.0159,0.0160,0.0129,0.0117,0.0105,0.0097,0.0093,0.0100,0.0098,0.0098,0.0105,0.0106,0.0124,0.0119
Somalia,n/a,n/a,n/a,n/a,n/a,n/a,n/a,n/a,n/a,n/a,n/a,n/a,0.0023,0.0025,0.0029,0.0033,0.0030,0.0035,0.0039,0.0041,0.0042,0.0050,0.0048,0.0045,0.0051,0.0073,0.0052,0.0052,0.0046,0.0099,0.0097,0.0055,0.0061,0.0029,0.0024,0.0014,0.0005,0.2895,0.1696,0.1744,0.0153,n/a,n/a,n/a,n/a,n/a,n/a,n/a,n/a,n/a,n/a,n/a,n/a,n/a,n/a,n/a,n/a,n/a,n/a,n/a,n/a,n/a,n/a,n/a,n/a,n/a,n/a,n/a,n/a,n/a,n/a,n/a,n/a,n/a
South Africa,n/a,n/a,0.0162,0.0174,0.0135,0.0120,0.0122,0.0129,0.0130,0.0098,0.0088,0.0095,0.0147,0.0225,0.0206,0.0270,0.0263,0.0270,0.0279,0.0276,0.0261,0.0233,0.0246,0.0237,0.0265,0.0309,0.0387,0.0473,0.0526,0.0456,0.0386,0.0330,0.0364,0.0361,0.0360,0.0370,0.0370,0.0382,0.0419,0.0462,0.0435,0.0389,0.0322,0.0282,0.0250,0.0256,0.0212,0.0176,0.0158,0.0138,0.0127,0.0139,0.0148,0.0153,0.0147,0.0136,0.0123,0.0115,0.0106,0.0104,0.0109,0.0100,0.0100,0.0103,0.0103,0.0102,0.0101,0.0097,0.0094,0.0090,0.0088,0.0096,0.0081,0.0074
South Sudan,n/a,n/a,n/a,n/a,n/a,n/a,n/a,n/a,n/a,n/a,n/a,n/a,n/a,n/a,n/a,n/a,n/a,n/a,n/a,n/a,n/a,n/a,n/a,n/a,n/a,n/a,n/a,n/a,n/a,n/a,n/a,n/a,n/a,n/a,n/a,n/a,n/a,n/a,n/a,n/a,n/a,n/a,n/a,n/a,n/a,n/a,n/a,n/a,n/a,n/a,n/a,n/a,n/a,n/a,n/a,n/a,n/a,n/a,n/a,0.0576,0.0497,0.0414,0.0609,0.0877,0.0657,0.0846,0.0891,0.0401,0.0206,0.0320,0.0335,0.0228,0.0263,0.0302
Spain,n/a,n/a,n/a,n/a,n/a,0.0229,0.0231,0.0226,0.0223,0.0193,0.0191,0.0225,0.0203,0.0227,0.0197,0.0193,0.0188,0.0208,0.0185,0.0230,0.0243,0.0229,0.0211,0.0232,0.0211,0.0221,0.0200,0.0232,0.0231,0.0236,0.0250,0.0249,0.0258,0.0266,0.0294,0.0297,0.0295,0.0263,0.0261,0.0249,0.0236,0.0229,0.0213,0.0204,0.0201,0.0200,0.0192,0.0181,0.0172,0.0176,0.0176,0.0173,0.0163,0.0146,0.0142,0.0143,0.0139,0.0137,0.0136,0.0137,0.0136,0.0139,0.0133,0.0142,0.0127,0.0125,0.0127,0.0114,0.0123,0.0125,0.0123,0.0137,0.0137,0.0147
Sri Lanka,n/a,n/a,0.0025,0.0034,0.0045,0.0067,0.0055,0.0068,0.0091,0.0124,0.0123,0.0118,0.0118,0.0108,0.0090,0.0085,0.0085,0.0087,0.0085,0.0079,0.0081,0.0092,0.0136,n/a,0.0087,0.0080,0.0080,0.0066,0.0068,0.0080,0.0083,0.0077,0.0063,0.0054,0.0089,0.0092,0.0316,0.0270,0.0339,0.0237,0.0180,0.0233,0.0308,0.0337,0.0343,0.0373,0.0586,0.0552,0.0463,0.0464,0.0403,0.0503,0.0429,0.0334,0.0287,0.0300,0.0264,0.0280,0.0326,0.0324,0.0316,0.0270,0.0269,0.0216,0.0215,0.0241,0.0242,0.0198,0.0198,0.0173,0.0175,0.0174,0.0189,0.0143
Sudan,n/a,n/a,n/a,n/a,n/a,n/a,n/a,0.0112,0.0164,0.0152,0.0171,0.0192,0.0184,0.0206,0.0215,0.0314,0.0412,0.0353,0.0365,0.0375,0.0520,0.0495,0.0460,0.0419,0.0316,0.0257,0.0225,0.0267,0.0262,0.0204,0.0259,0.0230,0.0178,0.0244,0.0327,0.0408,0.0340,0.0323,0.0255,0.0355,n/a,0.0481,0.0499,0.0439,0.0492,0.0390,0.0167,0.0127,0.0095,0.0238,0.0401,0.0479,0.0294,0.0327,0.0226,0.0578,0.0331,0.0364,0.0408,0.0498,0.0545,n/a,n/a,n/a,n/a,n/a,0.0271,0.0228,0.0329,0.0178,0.0163,0.0098,0.0092,n/a
Sweden,n/a,n/a,n/a,n/a,n/a,n/a,n/a,n/a,n/a,n/a,n/a,0.0378,0.0372,0.0386,0.0397,0.0387,0.0391,0.0386,0.0361,0.0348,0.0346,0.0336,0.0341,0.0341,0.0328,0.0322,0.0308,0.0300,0.0310,0.0315,0.0312,0.0292,0.0295,0.0285,0.0274,0.0267,0.0267,0.0259,0.0265,0.0259,0.0251,0.0257,0.0245,0.0244,0.0239,0.0228,0.0216,0.0214,0.0195,0.0187,0.0189,0.0183,0.0171,0.0164,0.0160,0.0144,0.0141,0.0132,0.0130,0.0116,0.0116,0.0119,0.0110,0.0113,0.0111,0.0113,0.0107,0.0105,0.0102,0.0103,0.0109,0.0115,0.0119,0.0131
Switzerland,n/a,n/a,n/a,n/a,n/a,n/a,n/a,n/a,0.0283,0.0299,0.0271,0.0234,0.0247,0.0257,0.0252,0.0254,0.0247,0.0253,0.0238,0.0218,0.0220,0.0210,0.0205,0.0197,0.0186,0.0188,0.0190,0.0216,0.0202,0.0197,0.0204,0.0168,0.0166,0.0173,0.0175,0.0170,0.0182,0.0166,0.0156,0.0156,0.0152,0.0157,0.0154,0.0152,0.0137,0.0133,0.0136,0.0128,0.0122,0.0119,0.0109,0.0103,0.0099,0.0096,0.0093,0.0089,0.0083,0.0075,0.0072,0.0072,0.0073,0.0069,0.0069,0.0067,0.0071,0.0063,0.0065,0.0066,0.0067,0.0065,0.0070,0.0086,0.0078,0.0076
Syria,n/a,n/a,n/a,n/a,n/a,n/a,n/a,n/a,n/a,n/a,n/a,0.1052,0.0954,0.1347,n/a,0.0864,0.0888,0.0775,0.0821,0.1216,0.1083,0.1122,0.0844,0.1077,0.1507,0.1266,0.1595,0.1473,0.1450,0.1471,0.1593,0.1725,0.1455,0.1556,0.1464,0.1769,0.1656,0.1445,0.1122,0.0785,0.0797,0.0687,0.1043,0.0899,0.0724,0.0736,0.0695,0.0604,0.0588,0.0581,0.0581,0.0545,0.0548,0.0541,0.0625,0.0554,0.0503,0.0439,0.0410,0.0355,0.0403,0.0406,n/a,n/a,n/a,n/a,n/a,n/a,n/a,n/a,n/a,n/a,n/a,n/a
Taiwan,n/a,n/a,n/a,n/a,n/a,n/a,n/a,n/a,n/a,n/a,n/a,n/a,n/a,n/a,n/a,n/a,n/a,n/a,n/a,n/a,n/a,n/a,n/a,n/a,n/a,n/a,n/a,0.0624,0.0692,0.0702,0.0758,0.0729,0.0665,0.0699,0.0634,0.0573,0.0609,0.0544,0.0493,0.0514,0.0528,0.0522,0.0497,0.0469,0.0496,0.0466,0.0411,0.0402,0.0372,0.0329,0.0315,0.0265,0.0266,0.0244,0.0235,0.0225,0.0213,0.0197,0.0200,0.0215,0.0233,0.0204,0.0206,0.0212,0.0194,0.0185,0.0187,0.0182,0.0182,0.0174,0.0182,0.0187,0.0173,0.0161
Tajikistan,n/a,n/a,n/a,n/a,n/a,n/a,n/a,n/a,n/a,n/a,n/a,n/a,n/a,n/a,n/a,n/a,n/a,n/a,n/a,n/a,n/a,n/a,n/a,n/a,n/a,n/a,n/a,n/a,n/a,n/a,n/a,n/a,n/a,n/a,n/a,n/a,n/a,n/a,n/a,n/a,n/a,n/a,n/a,0.0000,0.0000,0.0000,0.0110,0.0129,0.0170,0.0171,0.0139,0.0060,0.0058,0.0105,0.0112,0.0113,n/a,n/a,n/a,0.0102,0.0095,0.0095,0.0109,0.0100,n/a,0.0113,0.0128,0.0121,0.0104,0.0105,0.0102,0.0098,0.0093,0.0102
Tanzania,n/a,n/a,n/a,n/a,n/a,n/a,n/a,n/a,n/a,n/a,n/a,n/a,n/a,n/a,n/a,n/a,n/a,n/a,0.0142,0.0147,0.0173,0.0230,0.0310,0.0343,0.0417,0.0536,0.0536,0.0469,0.0548,0.1011,0.0850,0.0452,0.0558,0.0550,0.0541,0.0525,0.0539,0.0574,0.0315,0.0245,0.0238,0.0205,0.0218,0.0211,0.0138,0.0129,0.0163,0.0156,0.0154,0.0160,0.0149,0.0149,0.0145,0.0130,0.0107,0.0099,0.0082,0.0079,0.0076,0.0070,0.0076,0.0090,0.0090,0.0091,0.0097,0.0102,0.0109,0.0109,0.0106,0.0106,0.0102,0.0105,0.0108,0.0109
Thailand,n/a,n/a,n/a,n/a,n/a,n/a,n/a,n/a,0.0358,0.0325,0.0301,0.0247,0.0210,0.0263,0.0262,0.0243,0.0233,0.0217,0.0243,0.0275,0.0299,0.0307,0.0356,0.0347,0.0288,0.0266,0.0280,0.0313,0.0348,0.0392,0.0438,0.0424,0.0406,0.0412,0.0395,0.0406,0.0419,0.0380,0.0336,0.0293,0.0268,0.0259,0.0265,0.0266,0.0252,0.0250,0.0227,0.0215,0.0217,0.0186,0.0162,0.0149,0.0143,0.0135,0.0124,0.0108,0.0105,0.0110,0.0134,0.0153,0.0170,0.0145,0.0149,0.0138,0.0140,0.0141,0.0143,0.0142,0.0139,0.0136,0.0135,0.0145,0.0131,0.0116
Timor Leste,n/a,n/a,n/a,n/a,n/a,n/a,n/a,n/a,n/a,n/a,n/a,n/a,n/a,n/a,n/a,n/a,n/a,n/a,n/a,n/a,n/a,n/a,n/a,n/a,n/a,n/a,n/a,n/a,n/a,n/a,n/a,n/a,n/a,n/a,n/a,n/a,n/a,n/a,n/a,n/a,n/a,n/a,n/a,n/a,n/a,n/a,n/a,n/a,n/a,n/a,n/a,n/a,n/a,n/a,n/a,n/a,0.0178,0.0377,0.0437,0.0365,0.0502,0.0299,0.0197,0.0288,0.0227,0.0205,0.0232,0.0159,0.0159,0.0132,0.0170,0.0178,0.0108,0.0111
Togo,n/a,n/a,n/a,n/a,n/a,n/a,n/a,n/a,n/a,n/a,n/a,n/a,0.0027,0.0055,0.0084,0.0216,0.0190,0.0134,0.0134,0.0136,0.0128,0.0137,0.0141,0.0148,0.0169,0.0149,0.0186,0.0250,0.0307,0.0271,0.0225,0.0219,0.0237,0.0226,0.0210,0.0219,0.0251,0.0285,0.0350,0.0312,0.0309,0.0312,0.0286,0.0293,0.0403,0.0258,0.0186,n/a,n/a,n/a,n/a,n/a,n/a,n/a,0.0137,0.0141,0.0146,n/a,n/a,0.0172,0.0164,0.0166,0.0153,0.0162,0.0168,0.0182,0.0167,0.0184,0.0187,0.0196,0.0315,0.0284,0.0311,0.0544
Trinidad and Tobago,n/a,n/a,n/a,n/a,n/a,n/a,n/a,n/a,n/a,n/a,n/a,n/a,n/a,n/a,n/a,n/a,n/a,n/a,n/a,0.0067,0.0068,0.0075,0.0096,0.0084,0.0068,0.0042,0.0044,0.0050,0.0049,0.0051,0.0059,0.0059,0.0051,n/a,n/a,n/a,n/a,n/a,n/a,n/a,n/a,n/a,n/a,n/a,0.0049,0.0049,n/a,n/a,n/a,n/a,n/a,n/a,0.0016,0.0021,0.0029,0.0056,0.0060,0.0062,0.0057,0.0049,0.0071,0.0064,0.0057,0.0066,0.0079,0.0070,0.0083,0.0095,0.0089,0.0069,0.0071,0.0074,0.0089,0.0072
Tunisia,n/a,n/a,n/a,n/a,n/a,n/a,n/a,n/a,n/a,n/a,n/a,0.0200,0.0222,0.0173,0.0151,0.0174,0.0129,0.0132,0.0142,0.0144,0.0131,0.0156,0.0148,0.0141,0.0140,0.0131,0.0174,0.0186,0.0238,0.0249,0.0224,0.0203,0.0248,0.0369,0.0417,0.0276,0.0234,0.0209,0.0182,0.0210,0.0211,0.0184,0.0183,0.0171,0.0173,0.0174,0.0174,0.0187,0.0173,0.0168,0.0156,0.0155,0.0152,0.0149,0.0148,0.0143,0.0145,0.0145,0.0126,0.0129,0.0129,0.0124,0.0149,0.0144,0.0156,0.0181,0.0214,0.0222,0.0203,0.0198,0.0238,0.0271,0.0264,0.0248
Türkiye,n/a,n/a,n/a,n/a,n/a,n/a,n/a,n/a,n/a,n/a,n/a,0.0353,0.0376,0.0371,0.0339,0.0342,0.0355,0.0314,0.0326,0.0328,0.0308,0.0326,0.0350,0.0345,0.0335,0.0319,0.0512,0.0494,0.0471,0.0419,0.0336,0.0390,0.0382,0.0430,0.0394,0.0360,0.0353,0.0364,0.0333,0.0293,0.0315,0.0353,0.0375,0.0387,0.0392,0.0405,0.0390,0.0414,0.0410,0.0318,0.0389,0.0366,0.0360,0.0380,0.0330,0.0270,0.0241,0.0236,0.0222,0.0220,0.0249,0.0227,0.0203,0.0201,0.0192,0.0187,0.0181,0.0205,0.0205,0.0252,0.0269,0.0243,0.0190,0.0123
Turkmenistan,n/a,n/a,n/a,n/a,n/a,n/a,n/a,n/a,n/a,n/a,n/a,n/a,n/a,n/a,n/a,n/a,n/a,n/a,n/a,n/a,n/a,n/a,n/a,n/a,n/a,n/a,n/a,n/a,n/a,n/a,n/a,n/a,n/a,n/a,n/a,n/a,n/a,n/a,n/a,n/a,n/a,n/a,n/a,n/a,n/a,0.0180,0.0232,0.0204,0.0396,0.0311,0.0290,n/a,n/a,n/a,n/a,n/a,n/a,n/a,n/a,n/a,n/a,n/a,n/a,n/a,n/a,n/a,n/a,n/a,n/a,n/a,n/a,n/a,n/a,n/a
Uganda,n/a,n/a,n/a,n/a,n/a,n/a,n/a,n/a,n/a,n/a,n/a,n/a,n/a,0.0011,0.0037,0.0065,0.0113,0.0144,0.0162,0.0179,0.0182,0.0197,0.0347,0.0406,0.0350,0.0362,0.0282,0.0319,0.0204,0.0197,0.0169,0.0222,0.0189,0.0198,0.0222,0.0263,0.0266,0.0291,0.0259,0.0246,0.0273,0.0297,0.0251,0.0166,0.0193,0.0202,0.0210,0.0221,0.0212,0.0244,0.0266,0.0176,0.0168,0.0163,0.0169,0.0177,0.0168,0.0150,0.0139,0.0135,0.0143,0.0246,0.0254,0.0117,0.0134,0.0089,0.0104,0.0104,0.0111,0.0123,0.0175,0.0268,0.0258,0.0206
Ukraine,n/a,n/a,n/a,n/a,n/a,n/a,n/a,n/a,n/a,n/a,n/a,n/a,n/a,n/a,n/a,n/a,n/a,n/a,n/a,n/a,n/a,n/a,n/a,n/a,n/a,n/a,n/a,n/a,n/a,n/a,n/a,n/a,n/a,n/a,n/a,n/a,n/a,n/a,n/a,n/a,n/a,n/a,n/a,0.0032,0.0035,0.0180,0.0204,0.0219,0.0279,0.0211,0.0190,0.0215,0.0189,0.0198,0.0212,0.0197,0.0241,0.0239,0.0247,0.0230,0.0191,0.0190,0.0153,0.0161,0.0158,0.0225,0.0325,0.0315,0.0288,0.0319,0.0352,0.0381,0.0323,0.3355
United Arab Emirates,n/a,n/a,n/a,n/a,n/a,n/a,n/a,n/a,n/a,n/a,n/a,n/a,n/a,n/a,n/a,n/a,n/a,n/a,n/a,n/a,n/a,n/a,n/a,n/a,n/a,n/a,n/a,n/a,n/a,n/a,n/a,n/a,n/a,n/a,n/a,n/a,n/a,n/a,n/a,n/a,n/a,n/a,n/a,n/a,n/a,n/a,n/a,n/a,0.0676,0.0863,0.0767,0.0832,0.0561,0.0488,0.0469,0.0461,0.0366,0.0323,0.0328,0.0367,0.0546,0.0604,0.0547,0.0508,0.0603,0.0564,n/a,n/a,n/a,n/a,n/a,n/a,n/a,n/a
United Kingdom,n/a,0.0721,0.0830,0.1037,0.1096,0.1006,0.0909,0.0856,0.0799,0.0762,0.0729,0.0709,0.0692,0.0694,0.0680,0.0660,0.0644,0.0625,0.0624,0.0594,0.0550,0.0520,0.0508,0.0517,0.0491,0.0507,0.0534,0.0518,0.0492,0.0473,0.0468,0.0502,0.0498,0.0538,0.0540,0.0551,0.0532,0.0506,0.0469,0.0421,0.0404,0.0398,0.0412,0.0386,0.0359,0.0338,0.0285,0.0272,0.0256,0.0250,0.0242,0.0237,0.0241,0.0249,0.0255,0.0250,0.0242,0.0237,0.0237,0.0249,0.0265,0.0257,0.0250,0.0242,0.0229,0.0218,0.0204,0.0198,0.0195,0.0194,0.0198,0.0216,0.0216,0.0223
United States of America,0.0527,0.0508,0.1017,0.1386,0.1358,0.1174,0.1016,0.0990,0.0999,0.1007,0.0944,0.0899,0.0916,0.0933,0.0883,0.0805,0.0759,0.0844,0.0942,0.0927,0.0863,0.0803,0.0694,0.0652,0.0589,0.0595,0.0562,0.0519,0.0516,0.0494,0.0495,0.0515,0.0565,0.0681,0.0632,0.0624,0.0645,0.0663,0.0642,0.0607,0.0587,0.0561,0.0488,0.0497,0.0460,0.0422,0.0386,0.0355,0.0341,0.0320,0.0309,0.0311,0.0312,0.0345,0.0383,0.0402,0.0409,0.0404,0.0407,0.0445,0.0488,0.0490,0.0482,0.0446,0.0403,0.0369,0.0348,0.0342,0.0332,0.0332,0.0343,0.0370,0.0346,0.0345
Uruguay,n/a,n/a,n/a,n/a,n/a,n/a,n/a,n/a,n/a,n/a,n/a,n/a,n/a,n/a,n/a,n/a,n/a,n/a,n/a,n/a,n/a,n/a,n/a,0.0220,0.0376,0.0453,0.0429,0.0348,0.0375,0.0362,0.0380,0.0470,0.0626,0.0645,0.0538,0.0458,0.0430,0.0412,0.0304,0.0316,0.0353,0.0353,0.0239,0.0285,0.0279,0.0258,0.0271,0.0281,0.0240,0.0226,0.0239,0.0244,0.0250,0.0253,0.0224,0.0204,0.0200,0.0201,0.0178,0.0187,0.0182,0.0188,0.0172,0.0180,0.0182,0.0181,0.0182,0.0172,0.0181,0.0197,0.0189,0.0204,0.0210,0.0190
USSR,n/a,n/a,n/a,n/a,n/a,n/a,n/a,n/a,n/a,n/a,n/a,n/a,n/a,n/a,n/a,n/a,n/a,n/a,n/a,n/a,n/a,n/a,n/a,n/a,n/a,n/a,n/a,n/a,n/a,n/a,n/a,n/a,n/a,n/a,n/a,n/a,n/a,n/a,n/a,n/a,n/a,n/a,n/a,n/a,n/a,n/a,n/a,n/a,n/a,n/a,n/a,n/a,n/a,n/a,n/a,n/a,n/a,n/a,n/a,n/a,n/a,n/a,n/a,n/a,n/a,n/a,n/a,n/a,n/a,n/a,n/a,n/a,n/a,n/a
Uzbekistan,n/a,n/a,n/a,n/a,n/a,n/a,n/a,n/a,n/a,n/a,n/a,n/a,n/a,n/a,n/a,n/a,n/a,n/a,n/a,n/a,n/a,n/a,n/a,n/a,n/a,n/a,n/a,n/a,n/a,n/a,n/a,n/a,n/a,n/a,n/a,n/a,n/a,n/a,n/a,n/a,n/a,n/a,n/a,n/a,n/a,0.0153,0.0111,0.0123,0.0140,n/a,0.0164,0.0115,0.0083,0.0060,0.0054,n/a,n/a,n/a,n/a,n/a,n/a,n/a,n/a,n/a,n/a,n/a,n/a,n/a,n/a,0.0356,n/a,n/a,n/a,n/a
Venezuela,n/a,n/a,n/a,n/a,n/a,n/a,0.0258,0.0275,0.0322,0.0343,0.0296,0.0306,0.0142,0.0231,0.0255,0.0245,0.0264,0.0266,0.0286,0.0268,0.0250,0.0229,0.0270,0.0283,0.0247,0.0231,0.0259,0.0189,0.0207,0.0211,0.0192,0.0170,0.0152,0.0225,0.0297,0.0229,0.0137,0.0165,0.0163,0.0182,0.0279,0.0152,0.0184,0.0164,0.0215,0.0159,0.0155,0.0104,0.0180,0.0159,0.0144,0.0153,0.0156,0.0115,0.0118,0.0129,0.0183,0.0198,0.0189,0.0179,0.0123,0.0101,0.0113,0.0134,0.0167,0.0116,0.0094,0.0045,0.0223,0.0015,0.0179,0.0158,0.0031,0.0065
Viet Nam,n/a,n/a,n/a,n/a,n/a,n/a,n/a,n/a,n/a,n/a,n/a,n/a,n/a,n/a,n/a,n/a,n/a,n/a,n/a,n/a,n/a,n/a,n/a,n/a,n/a,n/a,n/a,n/a,n/a,n/a,n/a,n/a,n/a,n/a,n/a,n/a,n/a,n/a,0.0395,0.0710,0.0729,0.0791,0.0560,0.0337,0.0226,0.0265,n/a,n/a,n/a,n/a,n/a,n/a,n/a,n/a,0.0213,0.0201,0.0178,0.0194,0.0230,0.0216,0.0227,0.0231,0.0198,0.0216,0.0218,0.0229,0.0236,0.0244,0.0227,0.0228,n/a,n/a,n/a,n/a
Yemen,n/a,n/a,n/a,n/a,n/a,n/a,n/a,n/a,n/a,n/a,n/a,n/a,n/a,n/a,n/a,n/a,n/a,n/a,n/a,n/a,n/a,n/a,n/a,n/a,n/a,n/a,n/a,n/a,n/a,n/a,n/a,n/a,n/a,n/a,n/a,n/a,n/a,n/a,n/a,n/a,n/a,0.0655,0.0701,0.0728,0.0706,0.0840,0.0635,0.0528,0.0581,0.0608,0.0517,0.0492,0.0548,0.0690,0.0685,0.0530,0.0487,0.0431,0.0485,0.0445,0.0565,0.0469,0.0493,0.0457,0.0408,0.0397,n/a,n/a,n/a,n/a,n/a,n/a,n/a,n/a
"Yemen, North",n/a,n/a,n/a,n/a,n/a,n/a,n/a,n/a,n/a,n/a,n/a,n/a,n/a,n/a,n/a,n/a,n/a,n/a,n/a,n/a,n/a,n/a,n/a,n/a,n/a,n/a,n/a,n/a,n/a,n/a,n/a,n/a,n/a,n/a,n/a,n/a,n/a,n/a,n/a,n/a,n/a,n/a,n/a,n/a,n/a,n/a,n/a,n/a,n/a,n/a,n/a,n/a,n/a,n/a,n/a,n/a,n/a,n/a,n/a,n/a,n/a,n/a,n/a,n/a,n/a,n/a,n/a,n/a,n/a,n/a,n/a,n/a,n/a,n/a
Yugoslavia,n/a,n/a,n/a,n/a,n/a,n/a,n/a,n/a,n/a,n/a,n/a,n/a,n/a,n/a,n/a,n/a,n/a,n/a,n/a,n/a,n/a,n/a,n/a,n/a,n/a,n/a,n/a,n/a,n/a,n/a,n/a,n/a,n/a,n/a,n/a,n/a,n/a,n/a,n/a,n/a,n/a,n/a,n/a,n/a,n/a,n/a,n/a,n/a,n/a,n/a,n/a,n/a,n/a,n/a,n/a,n/a,n/a,n/a,n/a,n/a,n/a,n/a,n/a,n/a,n/a,n/a,n/a,n/a,n/a,n/a,n/a,n/a,n/a,n/a
Zambia,n/a,n/a,n/a,n/a,n/a,n/a,n/a,n/a,n/a,n/a,n/a,n/a,n/a,n/a,n/a,n/a,n/a,n/a,n/a,n/a,n/a,n/a,n/a,n/a,n/a,n/a,n/a,n/a,n/a,n/a,n/a,n/a,n/a,n/a,n/a,0.0300,0.0236,0.0366,0.0322,0.0239,0.0420,0.0341,0.0234,0.0271,0.0143,0.0172,0.0145,0.0105,0.0101,n/a,0.0165,n/a,n/a,n/a,n/a,0.0158,0.0185,0.0174,0.0206,0.0208,0.0173,0.0138,0.0126,0.0139,0.0143,0.0166,0.0179,0.0145,0.0130,0.0144,0.0126,0.0117,0.0098,0.0119
Zimbabwe,n/a,n/a,n/a,n/a,n/a,n/a,n/a,n/a,n/a,n/a,n/a,n/a,n/a,n/a,n/a,n/a,0.0119,0.0132,0.0136,0.0207,0.0242,0.0244,0.0229,0.0218,0.0263,0.0298,0.0340,0.0463,0.0654,0.0799,0.0852,0.0663,0.0486,0.0512,0.0556,0.0568,0.0549,0.0550,0.0582,0.0521,0.0493,0.0410,0.0398,0.0380,0.0330,0.0311,0.0318,0.0288,0.0300,n/a,0.0224,0.0305,0.0255,0.0631,0.0203,0.0271,0.0145,0.0199,n/a,n/a,n/a,0.0082,0.0141,0.0186,0.0187,0.0189,0.0189,0.0174,0.0159,0.0114,0.0073,0.0026,0.0082,0.0043
